"name","label","region","district","ta","facility_code","level","emonc","ncu","latitude","longitude"
"Bwengu Health Centre","Bwengu Health Centre","Northern","Mzimba North","TA Jalavikuba","MZ160124","2","Non-EmONC","No","-11.0638183","33.9167067"
"Choma Health Centre","Choma Health Centre","Northern","Mzimba North","TA Mtwalo","MZ160309","2","Non-EmONC","No","-11.3129095","33.9911642"
"Ekwaiweni Dispensary","Ekwaiweni Dispensary","Northern","Mzimba North","TA Mtwalo","MZ160382","1","Non-EmONC","No","-11.4228724","33.8976112"
"Ekwendeni Mission Hospital","Ekwendeni Mission Hospital","Northern","Mzimba North","TA Mtwalo","MZ160383","3","CEmONC","Yes","-11.37163","33.8832285"
"Emsizini Health Centre","Emsizini Health Centre","Northern","Mzimba North","TA Mtwalo","MZ160390","2","Non-EmONC","No","-11.4443234","33.8248892"
"Engucwini Health Centre","Engucwini Health Centre","Northern","Mzimba North","TA Mtwalo","MZ160392","2","BEmONC","No","-11.1980068","33.8228873"
"Enukweni Health Centre","Enukweni Health Centre","Northern","Mzimba North","TA Mtwalo","MZ160393","2","BEmONC","No","-11.1800767","33.8858567"
"Enukweni Mission Health Centre","Enukweni Mission Health Centre","Northern","Mzimba North","TA Mtwalo","MZ161535","2","BEmONC","No","-11.180885","33.8843891"
"Kabwafu Health Centre","Kabwafu Health Centre","Northern","Mzimba North","TA Mpherembe","MZ160481","2","Non-EmONC","No","-11.3088518","33.5256672"
"Kafukule Health Centre","Kafukule Health Centre","Northern","Mzimba North","TA Mtwalo","MZ160493","2","BEmONC","No","-11.4575328","33.6340624"
"Kamwe Health Centre","Kamwe Health Centre","Northern","Mzimba North","TA Mtwalo","MZ160530","2","Non-EmONC","No","-11.10307","33.7890024"
"Kaweche Health Centre","Kaweche Health Centre","Northern","Mzimba North","TA Mtwalo","MZ160613","2","BEmONC","No","-11.3405283","33.8662528"
"Khuyukuyu Health Centre","Khuyukuyu Health Centre","Northern","Mzimba North","TA Mtwalo","MZ161205","2","CEmONC","No","-11.2221883","33.9143203"
"Luvwere Dispensary","Luvwere Dispensary","Northern","Mzimba North","TA Mtwalo","MZ160736","1","Non-EmONC","No","-11.3889984","33.6729325"
"Luzi Health Centre","Luzi Health Centre","Northern","Mzimba North","TA Jalavikuba","MZ160743","2","BEmONC","No","-10.9967219","33.9560579"
"Madise Health Centre","Madise Health Centre","Northern","Mzimba North","TA Mtwalo","MZ161919","2","BEmONC","No","-11.2634652","33.7798635"
"Malidade Health Centre","Malidade Health Centre","Northern","Mzimba North","TA Mpherembe","MZ160812","2","Non-EmONC","No","-11.2292025","33.4998759"
"Manolo Health Centre","Manolo Health Centre","Northern","Mzimba North","TA Mpherembe","MZ160833","2","Non-EmONC","No","-11.2507717","33.4395522"
"Matuli Health Centre","Matuli Health Centre","Northern","Mzimba North","TA Mtwalo","MZ160863","2","BEmONC","No","-11.4851248","33.896117"
"Moyale Dispensary","Moyale Dispensary","Northern","Mzimba North","TA Kabunduli","MZ160986","1","Non-EmONC","No","-11.4594467","34.0377219"
"Mpherembe Health Centre","Mpherembe Health Centre","Northern","Mzimba North","TA Mpherembe","MZ161004","2","BEmONC","No","-11.2881777","33.6147166"
"Mtwalo Health Centre","Mtwalo Health Centre","Northern","Mzimba North","TA Mtwalo","MZ161040","2","Non-EmONC","No","-11.3967064","33.7459868"
"Mzuzu Central Hospital","Mzuzu Central Hospital","Northern","Mzimba North","TA Mtwalo","MZ161099","4","CEmONC","Yes","-11.4284917","33.99549"
"Mzuzu Urban Community Hospital","Mzuzu Urban Community Hospital","Northern","Mzimba North","TA Chindi","MZ161100","2","BEmONC","No","-11.4614033","34.0148959"
"Njuyu Health Centre","Njuyu Health Centre","Northern","Mzimba North","TA Kampingo Sibande","MZ161187","2","BEmONC","No","-11.4624718","33.6320891"
"Nkhorongo Health Centre","Nkhorongo Health Centre","Northern","Mzimba North","TA Mtwalo","MZ161200","2","Non-EmONC","No","-11.39034","33.9850733"
"Padre Pio Health Centre","Padre Pio Health Centre","Northern","Mzimba North","TA Kampingo Sibande","MZ161251","2","Non-EmONC","No","-11.4998418","33.9430609"
"St John's Mission Hospital","St John's Mission Hospital","Northern","Mzimba North","TA Mtwalo","MZ161366","2","CEmONC","No","-11.4521506","34.0275346"
"Thunduwike Health Centre","Thunduwike Health Centre","Northern","Mzimba North","TA Mpherembe","MZ161425","2","Non-EmONC","No","-11.1799835","33.578415"
"Zolozolo Health Centre","Zolozolo Health Centre","Northern","Mzimba North","TA Mtwalo","MZ161819","2","Non-EmONC","No","-11.4355302","34.0242167"
"Bulala Health Centre","Bulala Health Centre","Northern","Mzimba South","TA Chindi","MZ0511","2","BEmONC","No","-11.6782116","33.4481731"
"Chikangawa Health Centre","Chikangawa Health Centre","Northern","Mzimba South","TA Kampingo Sibande","MZ0503","2","BEmONC","No","-11.8443009","33.8020571"
"Edingeni Health Centre","Edingeni Health Centre","Northern","Mzimba South","TA M'mbelwa","MZ0505","2","BEmONC","No","-12.0410383","33.3126107"
"Ehehleni Dispensary","Ehehleni Dispensary","Northern","Mzimba South","STA Chiputula Nhlane","MZ0506","1","Non-EmONC","No","-12.2620593","33.5891907"
"Embangweni Mission Hospital","Embangweni Mission Hospital","Northern","Mzimba South","TA Mzukuzuku","MZ0507","3","CEmONC","Yes","-12.136093","33.4769993"
"Emfeni Health Centre","Emfeni Health Centre","Northern","Mzimba South","TA Mabilabo","MZ0504","2","BEmONC","No","-12.5938587","33.6096819"
"Endindeni Health Centre","Endindeni Health Centre","Northern","Mzimba South","TA Chindi","MZ0508","2","BEmONC","No","-11.7582327","33.5563518"
"Engalaweni Health Centre","Engalaweni Health Centre","Northern","Mzimba South","TA M'mbelwa","MZ161733","2","BEmONC","No","-11.9084729","33.3657817"
"Euthini Rural Hospital","Euthini Rural Hospital","Northern","Mzimba South","TA Chindi","MZ0502","2","BEmONC","No","-11.4583572","33.4195074"
"Hoho Health Centre","Hoho Health Centre","Northern","Mzimba South","STA Chiputula Nhlane","MZ0509","2","Non-EmONC","No","-12.2782389","33.6865525"
"Hora Health Centre","Hora Health Centre","Northern","Mzimba South","TA Mtwalo","MZ161732","2","BEmONC","No","-11.645102","33.65168"
"Jenda Rural Hospital","Jenda Rural Hospital","Northern","Mzimba South","STA Chiputula Nhlani","MZ0510","2","BEmONC","No","-12.3521908","33.5473827"
"Kabuwa Health Centre","Kabuwa Health Centre","Northern","Mzimba South","TA Khosolo","MZ0530","2","BEmONC","No","-12.517","34.0740617"
"Kalikumbi Health Centre","Kalikumbi Health Centre","Northern","Mzimba South","TA M'mbelwa","MZ0512","2","BEmONC","No","-12.2041939","33.33381"
"Kamteteka Health Centre","Kamteteka Health Centre","Northern","Mzimba South","TA M'mbelwa","MZ0513","2","BEmONC","No","-11.8366414","33.3593627"
"Katete Community Hospital","Katete Community Hospital","Northern","Mzimba South","STA Levi Jere","MZ0514","2","BEmONC","No","-12.3458117","33.614365"
"Khosolo Health Centre","Khosolo Health Centre","Northern","Mzimba South","TA Khosolo","MZ0515","2","BEmONC","No","-12.4402818","33.7914238"
"Lunjika Health Centre","Lunjika Health Centre","Northern","Mzimba South","TA Kampingo Sibande","MZ0516","2","BEmONC","No","-11.7145967","33.685705"
"Luwawa Health Centre","Luwawa Health Centre","Northern","Mzimba South","TA Mzikubola","MZ0517","2","BEmONC","No","-12.1132183","33.71951"
"Luwerezi Health Centre","Luwerezi Health Centre","Northern","Mzimba South","TA Mabilabo","MZ0518","2","BEmONC","No","-12.48809","33.6476117"
"Mabiri Health Centre","Mabiri Health Centre","Northern","Mzimba South","TA Mzukuzuku","MZ0519","2","BEmONC","No","-12.2463617","33.43010991"
"Madede Health Centre","Madede Health Centre","Northern","Mzimba South","TA Chindi","MZ0520","2","BEmONC","No","-11.5390026","33.2946467"
"Manyamula Health Centre","Manyamula Health Centre","Northern","Mzimba South","TA M'mbelwa","MZ0521","2","BEmONC","No","-11.9401451","33.4394389"
"Mbalachanda Health Centre","Mbalachanda Health Centre","Northern","Mzimba South","TA Chindi","MZ0522","2","BEmONC","No","-11.3574565","33.371183"
"Mhalaunda Health Centre","Mhalaunda Health Centre","Northern","Mzimba South","TA M'mbelwa","MZ0523","2","BEmONC","No","-12.0510931","33.4670935"
"Mkoma Health Centre","Mkoma Health Centre","Northern","Mzimba South","TA Khosolo","MZ0524","2","BEmONC","No","-12.6123399","33.7825207"
"Msese Health Centre","Msese Health Centre","Northern","Mzimba South","TA Khosolo","MZ0525","2","BEmONC","No","-12.3593007","33.7400993"
"Mtende Health Centre","Mtende Health Centre","Northern","Mzimba South","TA Chindi","MZ0526","2","BEmONC","No","-11.4972069","33.5487678"
"Mzalangwe Health Centre","Mzalangwe Health Centre","Northern","Mzimba South","TA Chindi","MZ0527","2","BEmONC","No","-11.6121229","33.565096"
"Mzambazi Community Hospital","Mzambazi Community Hospital","Northern","Mzimba South","TA Chindi","MZ0528","2","BEmONC","No","-11.4276149","33.4501939"
"Mzimba District Hospital","Mzimba District Hospital","Northern","Mzimba South","TA M'mbelwa","MZ0501","3","CEmONC","Yes","-11.8990283","33.5836967"
"Raiply Dispensary","Raiply Dispensary","Northern","Mzimba South","TA Kampingo Sibande","MZ0531","1","Non-EmONC","No","-11.9163825","33.7559849"
"Vibangalala Dispensary","Vibangalala Dispensary","Northern","Mzimba South","TA Mzukuzuku","MZ0532","1","Non-EmONC","No","-12.234107","33.486444"
"Bolero Rural Hospital","Bolero Rural Hospital","Northern","Rumphi","TA Chikulamayembe","RU140107","2","BEmONC","No","-10.9786037","33.7434623"
"Chisimuka Health Centre","Chisimuka Health Centre","Northern","Rumphi","TA Katumbi","RU140271","2","Non-EmONC","No","-10.7691133","33.5573567"
"Chitimba Health Centre","Chitimba Health Centre","Northern","Rumphi","STA Chiwiriwiri","RU140292","2","BEmONC","No","-10.5980588","34.1702039"
"David Gordon Memorial Mission Hospital","David Gordon Memorial Mission Hospital","Northern","Rumphi","TA Mwalweni","RU140702","3","CEmONC","Yes","-10.6036439","34.110894"
"Jalawe Health Centre","Jalawe Health Centre","Northern","Rumphi","TA Njikula","RU140470","2","BEmONC","No","-10.7298567","34.16164"
"Kamphenda Health Centre","Kamphenda Health Centre","Northern","Rumphi","TA Chikulamayembe","RU141087","2","Non-EmONC","No","-11.0391326","33.5841657"
"Kanyerere Health Centre","Kanyerere Health Centre","Northern","Rumphi","TA Chikulamayembe","RU141692","2","Non-EmONC","No","-10.9475386","33.7592024"
"Katowo Rural Hospital","Katowo Rural Hospital","Northern","Rumphi","TA Katumbi","RU140600","2","BEmONC","No","-10.8127146","33.5223755"
"Lura Health Centre","Lura Health Centre","Northern","Rumphi","TA Kachulu","RU140731","2","BEmONC","No","-10.726409","34.0440884"
"Luwuchi Health Centre","Luwuchi Health Centre","Northern","Rumphi","STA Chimphamba","RU140742","2","BEmONC","No","-10.68346","34.1933483"
"Mhuju Rural Hospital","Mhuju Rural Hospital","Northern","Rumphi","TA Mwahenga","RU140914","2","BEmONC","No","-10.8668828","33.9975547"
"Mlowe Health Centre","Mlowe Health Centre","Northern","Rumphi","TA Mwamlowe","RU140972","2","BEmONC","No","-10.764342","34.1948526"
"Mphompha Health Centre","Mphompha Health Centre","Northern","Rumphi","TA Mwankhunikira","RU 141007","2","BEmONC","No","-11.0065612","34.0732513"
"Mwazisi Health Centre","Mwazisi Health Centre","Northern","Rumphi","STA Mchinanguwo","RU141087","2","BEmONC","No","-10.9438453","33.5789151"
"Mzokoto Health Centre","Mzokoto Health Centre","Northern","Rumphi","TA Mwankhunikira","RU141097","2","BEmONC","No","-10.9078374","34.0271941"
"Ng'onga Health Centre","Ng'onga Health Centre","Northern","Rumphi","TA Chisovya","RU141165","2","BEmONC","No","-10.9390144","33.9434029"
"Nthenje Health Centre","Nthenje Health Centre","Northern","Rumphi","TA Mwankhunikira","RU141229","2","Non-EmONC","No","-10.9179004","33.9877635"
"Rumphi District Hospital","Rumphi District Hospital","Northern","Rumphi","TA Chikulamayembe","RU141302","3","CEmONC","Yes","-11.020034","33.8541789"
"St Patricks Health Centre","St Patricks Health Centre","Northern","Rumphi","TA Chikulamayembe","RU 141377","2","BEmONC","No","-11.023718","33.8734972"
"Tcharo Health Centre","Tcharo Health Centre","Northern","Rumphi","TA Chapinduka","RU141395","2","BEmONC","No","-10.9622567","34.2229383"
"Zunga Health Centre","Zunga Health Centre","Northern","Rumphi","TA Mwamlowe","RU141514","2","Non-EmONC","No","-10.8462013","34.2121489"
"Balaka District Hospital","Balaka District Hospital","Southern","Balaka","STA Kapalamula","BK3601","3","CEmONC","Yes","-14.9845159","34.9502438"
"Chimatiro Health Centre","Chimatiro Health Centre","Southern","Balaka","STA Chimatiro","BK3626","2","BEmONC","No","-14.962586","35.0229351"
"Chiyendausiku Health Centre","Chiyendausiku Health Centre","Southern","Balaka","TA Nsamala","BK3612","2","BEmONC","No","-15.0187537","35.0770396"
"Comfort Community Hospital","Comfort Community Hospital","Southern","Balaka","TA Nsamala","BK3615","3","CEmONC","No","-15.0032023","34.9524845"
"Dziwe Dispensary","Dziwe Dispensary","Southern","Balaka","TA Mpilisi","BK3627","1","Non-EmONC","No","-15.1022733","35.1405633"
"Kalembo Health Centre","Kalembo Health Centre","Southern","Balaka","TA Kalembo","BK3603","2","BEmONC","No","-14.8427462","35.1706622"
"Kankao Health Centre","Kankao Health Centre","Southern","Balaka","TA Chanthunya","BK3604","2","BEmONC","No","-15.0545117","34.9222702"
"Khwisa Health Centre","Khwisa Health Centre","Southern","Balaka","TA Matola","BK171935","2","BEmONC","No","-14.8962873","34.9469159"
"Kwitanda Health Centre","Kwitanda Health Centre","Southern","Balaka","TA Nsamala","BK3613","2","Non-EmONC","No","-15.0649233","35.0930617"
"Mbera Health Centre","Mbera Health Centre","Southern","Balaka","STA Mbera","BK3605","2","BEmONC","No","-14.9106605","35.0535347"
"Mwima Dispensary","Mwima Dispensary","Southern","Balaka","TA Amidu","BK3617","1","Non-EmONC","No","-14.9298313","35.1847951"
"Namanolo Dispensary","Namanolo Dispensary","Southern","Balaka","TA Amidu","BK3611","1","Non-EmONC","No","-15.0006028","35.1902465"
"Nandumbo Health Centre","Nandumbo Health Centre","Southern","Balaka","TA Kalembo","BK3616","2","BEmONC","No","-14.8516627","35.2252371"
"Phalula Health Centre","Phalula Health Centre","Southern","Balaka","TA Phalula","BK3606","2","BEmONC","No","-15.2255415","34.8932123"
"Phimbi Health Centre","Phimbi Health Centre","Southern","Balaka","TA Phimbi","BK3607","2","BEmONC","No","-15.25083","35.107365"
"Ulongwe Health Centre","Ulongwe Health Centre","Southern","Balaka","TA Kalembo","BK3608","2","BEmONC","No","-14.8621778","35.1768345"
"Utale 1 Health Centre","Utale 1 Health Centre","Southern","Balaka","TA Nkaya","BK3609","2","BEmONC","No","-15.1775817","35.0641817"
"Utale 2 Health Centre","Utale 2 Health Centre","Southern","Balaka","TA Nkaya","BK3610","2","Non-EmONC","No","-15.1701533","35.0725083"
"Ameca Health Centre","Ameca Health Centre","Southern","Blantyre","TA Machinjiri","BT5077","2","Non-EmONC","No","-15.7032249","35.0443055"
"Bangwe Community Hospital","Bangwe Community Hospital","Southern","Blantyre","TA Machinjiri","BT240041","2","BEmONC","No","-15.8238016","35.0804111"
"Chabvala Health Centre","Chabvala Health Centre","Southern","Blantyre","TA Kunthembwe","BT240136","2","BEmONC","No","-15.8337283","34.8344417"
"Chikowa Community Hospital","Chikowa Community Hospital","Southern","Blantyre","TA Kunthembwe","BT2903","2","BEmONC","No","-15.6713742","34.8711084"
"Chileka Community Hospital","Chileka Community Hospital","Southern","Blantyre","TA Kuntanja","BT24202","2","BEmONC","No","-15.68258","34.9707079"
"Chileka SDA Mission Hospital","Chileka SDA Mission Hospital","Southern","Blantyre","TA Kuntaja","BT240204","2","Non-EmONC","No","-15.6598253","34.9289703"
"Chilomoni Community Hospital","Chilomoni Community Hospital","Southern","Blantyre","TA Machinjiri","BT240216","2","BEmONC","No","-15.771478","34.9813533"
"Chimembe Health Centre","Chimembe Health Centre","Southern","Blantyre","TA Kuntaja","BT240227","2","Non-EmONC","No","-15.777382","34.8853568"
"Chipande Health Centre","Chipande Health Centre","Southern","Blantyre","TA Machinjiiri","BT241917","2","Non-EmONC","No","-15.6682023","35.0940223"
"Chirimba Dispensary","Chirimba Dispensary","Southern","Blantyre","TA Machinji","BT240207","1","Non-EmONC","No","-15.7462728","35.0229591"
"Dziwe Health Centre","Dziwe Health Centre","Southern","Blantyre","TA Kuntaja","BT2907","2","Non-EmONC","No","-15.5588267","34.87757"
"Gateway Clinic","Gateway Clinic","Southern","Blantyre","TA Kapeni","BT2945","1","Non-EmONC","No","-15.8047626","35.0180753"
"Kachere Dispensary","Kachere Dispensary","Southern","Blantyre","TA Machinjiri","BT241521","1","Non-EmONC","No","-15.787959","35.0886644"
"Kadidi Health Centre","Kadidi Health Centre","Southern","Blantyre","TA Kapeni","BT240490","2","BEmONC","No","-15.6199876","35.0074038"
"Khungulu Dispensary","Khungulu Dispensary","Southern","Blantyre","TA Kuntaja","BT241522","1","Non-EmONC","No","-15.6448702","34.966967"
"Lighthouse Health Centre","Lighthouse Health Centre","Southern","Blantyre","TA Chigaru","BT2978","2","Non-EmONC","No","-15.4022443","34.9383872"
"Limbe Community Hospital","Limbe Community Hospital","Southern","Blantyre","TA Kapeni","BT2908","2","BEmONC","No","-15.8172983","35.0519399"
"Lirangwe Community Hospital","Lirangwe Community Hospital","Southern","Blantyre","TA Lundu","BT240698","2","Non-EmONC","No","-15.529637","35.0298834"
"Lundu Health Centre","Lundu Health Centre","Southern","Blantyre","TA Lundu","BT240723","2","BEmONC","No","-15.421482","35.0129015"
"Madziabango Health Centre","Madziabango Health Centre","Southern","Blantyre","TA Somba","BT2911","2","BEmONC","No","-15.9677969","34.9082961"
"Makata Community Hospital","Makata Community Hospital","Southern","Blantyre","TA Makata","BT24078","2","Non-EmONC","No","-15.6274514","35.0778707"
"Makhetha Dispensary","Makhetha Dispensary","Southern","Blantyre","TA Kapeni","BT240790","1","Non-EmONC","No","-15.7835363","35.0695595"
"Malabada Mission Hospital","Malabada Mission Hospital","Southern","Blantyre","TA Kapeni","BT240799","2","BEmONC","No","-15.7678667","35.044745"
"Manase Dispensary","Manase Dispensary","Southern","Blantyre","TA Somba","BT242135","1","Non-EmONC","No","-15.812249","34.9964014"
"Mbayani Dispensary","Mbayani Dispensary","Southern","Blantyre","TA Machinjiri","BT2963","1","Non-EmONC","No","-15.765466","35.0045733"
"Mdeka Health Centre","Mdeka Health Centre","Southern","Blantyre","TA Chigaru","BT240900","2","Non-EmONC","No","-15.4681159","34.9427356"
"Mitsidi Health Centre","Mitsidi Health Centre","Southern","Blantyre","TA Kuntaja","BT240722","2","Non-EmONC","No","-15.7773128","34.9687355"
"Mlambe Mission Hospital","Mlambe Mission Hospital","Southern","Blantyre","TA Kapeni","BT2915","3","CEmONC","Yes","-15.6435163","35.0174856"
"Mpemba Community Hospital","Mpemba Community Hospital","Southern","Blantyre","TA Somba","BT2916","2","BEmONC","No","-15.8750266","34.9564199"
"Mpingo Health Centre","Mpingo Health Centre","Southern","Blantyre","TA Somba","BT2996","2","Non-EmONC","No","-15.8818533","34.9134267"
"Namikoko Health Centre","Namikoko Health Centre","Southern","Blantyre","TA Lundu","BT2917","2","Non-EmONC","No","-15.4867797","35.0736572"
"Nancholi Community Hospital","Nancholi Community Hospital","Southern","Blantyre","TA Somba","BT241884","2","Non-EmONC","No","-15.8273129","34.9693307"
"Ndirande Community Hospital","Ndirande Community Hospital","Southern","Blantyre","TA Kapeni","BT241158","3","CEmONC","No","-15.7781925","35.0395648"
"Ntonda Dispensary","Ntonda Dispensary","Southern","Blantyre","TA Somba","BT241520","1","Non-EmONC","No","-15.84602","34.9899467"
"Pensulo Health Centre","Pensulo Health Centre","Southern","Blantyre","TA Kuntaja","BT241260","2","BEmONC","No","-15.8077481","34.9570384"
"Queen Elizabeth Central Hospital","Queen Elizabeth Central Hospital","Southern","Blantyre","TA Kapeni","BT241293","4","CEmONC","Yes","-15.803376","35.0196917"
"Soche Maternity Health Centre","Soche Maternity Health Centre","Southern","Blantyre","TA Somba","BT241336","2","BEmONC","No","-15.8567874","35.0352025"
"South Lunzu Community Hospital","South Lunzu Community Hospital","Southern","Blantyre","TA Machinjiri","BT2925","2","BEmONC","No","-15.7267427","35.0546967"
"St Vincent Mission Hospital","St Vincent Mission Hospital","Southern","Blantyre","TA Somba","BT2979","2","BEmONC","No","-15.9140736","34.9501774"
"Zingwangwa Community Hospital","Zingwangwa Community Hospital","Southern","Blantyre","TA Kapeni","BT241504","2","BEmONC","No","-15.8213954","35.0118632"
"Assalam Health Centre","Assalam Health Centre","Southern","Mangochi","TA Chimwala","MG2539","2","BEmONC","No","-14.5455815","35.1925352"
"Billy Riordan Mission Hospital","Billy Riordan Mission Hospital","Southern","Mangochi","TA Namkumba","MG2567","2","BEmONC","No","-14.0320033","34.840615"
"Cape Maclear Dispensary","Cape Maclear Dispensary","Southern","Mangochi","TA Namkumba","MG2594","1","Non-EmONC","No","-14.0260133","34.851695"
"Chikole Health Centre","Chikole Health Centre","Southern","Mangochi","TA Chowe","MG2501","2","Non-EmONC","No","-14.4220498","35.3843534"
"Chilipa Health Centre","Chilipa Health Centre","Southern","Mangochi","TA Chilipa","MG2502","2","BEmONC","No","-14.7026033","34.9731267"
"Chilonga Health Centre","Chilonga Health Centre","Southern","Mangochi","TA Namkumba","MG2541","2","BEmONC","No","-14.4671608","34.8711452"
"Chiponde Health Centre","Chiponde Health Centre","Southern","Mangochi","STA Chiponde","MG2532","2","BEmONC","No","-14.3735749","35.6019938"
"Chiumbangame Health Centre","Chiumbangame Health Centre","Southern","Mangochi","TA Jalasi","MG2503","2","Non-EmONC","No","-14.3194564","35.5557301"
"Chiunda Health Centre","Chiunda Health Centre","Southern","Mangochi","TA Chiunda","MG2533","2","Non-EmONC","No","-14.7776715","35.4390643"
"Iba Health Centre","Iba Health Centre","Southern","Mangochi","TA Jalasi","MG2534","2","Non-EmONC","No","-14.3071711","35.3970931"
"Jalasi Health Centre","Jalasi Health Centre","Southern","Mangochi","TA Jalasi","MG2504","2","BEmONC","No","-14.3628727","35.4426767"
"Kadango Health Centre","Kadango Health Centre","Southern","Mangochi","TA Namabvi","MG2535","2","BEmONC","No","-14.0621867","35.1863117"
"Kapire Health Centre","Kapire Health Centre","Southern","Mangochi","TA Chilipa","MG2505","2","BEmONC","No","-14.785935","34.9994745"
"Katema Health Centre","Katema Health Centre","Southern","Mangochi","TA Mponda","MG2506","2","BEmONC","No","-14.5257522","35.0372948"
"Katuli Health Centre","Katuli Health Centre","Southern","Mangochi","TA Katuli","MG2507","2","Non-EmONC","No","-14.1797487","35.4447417"
"Koche Community Hospital","Koche Community Hospital","Southern","Mangochi","STA Mambo","MG2508","3","CEmONC","No","-14.3337124","35.1432668"
"Kukalanga Health Centre","Kukalanga Health Centre","Southern","Mangochi","TA Chimwala","MG2509","2","BEmONC","No","-14.6374084","35.1803552"
"Lugola Health Centre","Lugola Health Centre","Southern","Mangochi","TA Chilawe","MG2510","2","BEmONC","No","-13.9614286","35.1428359"
"Lulanga Health Centre","Lulanga Health Centre","Southern","Mangochi","TA Lulanga","MG2511","2","BEmONC","No","-13.6871091","34.9170946"
"Lungwena Health Centre","Lungwena Health Centre","Southern","Mangochi","TA Namabvi","MG2512","2","BEmONC","No","-14.2450194","35.2480024"
"Luwalika Health Centre","Luwalika Health Centre","Southern","Mangochi","TA Katuli","MG2513","2","Non-EmONC","No","-14.2379355","35.4695482"
"Maganga Dispensary","Maganga Dispensary","Southern","Mangochi","TA Hamisi Makanjira","MG2582","1","Non-EmONC","No","-13.6649301","34.8583049"
"Makanjira Health Centre","Makanjira Health Centre","Southern","Mangochi","TA Makanjira","MG2514","2","BEmONC","No","-13.7152829","35.0469667"
"Malembo Health Centre","Malembo Health Centre","Southern","Mangochi","TA Namkumba","MG2515","2","BEmONC","No","-14.237795","34.8316467"
"Maleta Dispensary","Maleta Dispensary","Southern","Mangochi","TA Katuli","MG2550","1","Non-EmONC","No","-13.9296483","35.263575"
"Malombe Health Centre","Malombe Health Centre","Southern","Mangochi","TA Chowe","MG2536","2","BEmONC","No","-14.6304979","35.349086"
"Malukula Health Centre","Malukula Health Centre","Southern","Mangochi","TA Chowe","MG2542","2","Non-EmONC","No","-14.4436017","35.3555717"
"Mamakhadija Health Centre","Mamakhadija Health Centre","Southern","Mangochi","TA Jalasi","MG2564","2","Non-EmONC","No","-14.37077","35.494085"
"Mangochi District Hospital","Mangochi District Hospital","Southern","Mangochi","TA Mponda","MG2517","3","CEmONC","Yes","-14.4819318","35.2647579"
"Mase Health Centre","Mase Health Centre","Southern","Mangochi","TA Chowe","MG2518","2","Non-EmONC","No","-14.6358596","35.3437106"
"Mbalama Health Centre","Mbalama Health Centre","Southern","Mangochi","TA Bwananyambi","MG2556","2","BEmONC","No","-14.714475","35.4984583"
"Mehboob Community Hospital","Mehboob Community Hospital","Southern","Mangochi","STA Mambo","MG2586","2","BEmONC","No","-14.3645827","35.1671142"
"Mkucingajwambone Health Centre","Mkucingajwambone Health Centre","Southern","Mangochi","TA Chowe","MG2543","2","BEmONC","No","-14.5301402","35.3592531"
"Mkumba Health Centre","Mkumba Health Centre","Southern","Mangochi","TA Bwananyambi","MG2519","2","BEmONC","No","-14.5945907","35.5252514"
"Monkeybay Community Hospital","Monkeybay Community Hospital","Southern","Mangochi","TA Namkumba","MG2520","3","CEmONC","Yes","-14.0847823","34.9109517"
"Mpondasi Health Centre","Mpondasi Health Centre","Southern","Mangochi","TA Mponda","MG2521","2","BEmONC","No","-14.4535122","35.2435831"
"Msaka Dispensary","Msaka Dispensary","Southern","Mangochi","STA Kapichi","MG2599","1","Non-EmONC","No","-14.0793604","34.8521841"
"Mtimabi Health Centre","Mtimabi Health Centre","Southern","Mangochi","TA Chimwala","MG2537","2","BEmONC","No","-14.6110156","35.0824882"
"Mulibwanji Community Hospital","Mulibwanji Community Hospital","Southern","Mangochi","TA Bwananyambi","MG2531","3","CEmONC","No","-14.5114822","35.5884353"
"Namalaka Health Centre","Namalaka Health Centre","Southern","Mangochi","TA Namabvi","MG2522","2","BEmONC","No","-14.123799","35.1937127"
"Namkumba Health Centre","Namkumba Health Centre","Southern","Mangochi","TA Namkumba","MG2527","2","BEmONC","No","-14.3655795","34.8236329"
"Namwera Health Centre","Namwera Health Centre","Southern","Mangochi","TA Jalasi","MG2523","2","BEmONC","No","-14.3635133","35.5024767"
"Nancholi Dispensary","Nancholi Dispensary","Southern","Mangochi","TA Bwananyambi","MG2524","1","Non-EmONC","No","-14.4783293","35.5867861"
"Nangalamu Health Centre","Nangalamu Health Centre","Southern","Mangochi","TA Bwananyambi","MG2525","2","BEmONC","No","-14.4808888","35.6728684"
"Nankhwali Health Centre","Nankhwali Health Centre","Southern","Mangochi","STA Kapichi","MG2526","2","BEmONC","No","-14.1355006","34.8447375"
"Ngapani Health Centre","Ngapani Health Centre","Southern","Mangochi","TA Katuli","MG2540","2","BEmONC","No","-14.0310389","35.337462"
"Njereza Dispensary","Njereza Dispensary","Southern","Mangochi","STA Mambo","MG2574","1","Non-EmONC","No","-14.3392233","35.0315813"
"Nkope Health Centre","Nkope Health Centre","Southern","Mangochi","TA Namkumba","MG2528","2","Non-EmONC","No","-14.2045117","35.033525"
"Phirilongwe Health Centre","Phirilongwe Health Centre","Southern","Mangochi","TA Ntonda","MG2529","2","BEmONC","No","-14.5881765","34.8982132"
"Sinyala Dispensary","Sinyala Dispensary","Southern","Mangochi","TA Bwananyambi","MG2538","1","Non-EmONC","No","-14.5835917","35.5775"
"Somba Health Centre","Somba Health Centre","Southern","Mangochi","TA Bwananyambi","MG2579","2","Non-EmONC","No","-14.6467959","35.5382543"
"Sr Martha Health Centre","Sr Martha Health Centre","Southern","Mangochi","TA Jalasi","MG2530","2","Non-EmONC","No","-14.3852359","35.5356207"
"St Martins Mission Hospital","St Martins Mission Hospital","Southern","Mangochi","STA Makumba","MG2516","3","CEmONC","No","-14.3474484","35.2936813"
"St Mary's Community Hospital","St Mary's Community Hospital","Southern","Mangochi","TA Chimwala","MG2593","3","CEmONC","No","-14.5424517","35.1821083"
"Amalika Dispensary","Amalika Dispensary","Southern","Thyolo","TA Bvumbwe","TH3126","1","Non-EmONC","No","-15.992237","35.0316716"
"Bvumbwe Health Centre","Bvumbwe Health Centre","Southern","Thyolo","TA Bvumbwe","TH3102","2","BEmONC","No","-15.9286083","35.0777583"
"Changata Health Centre","Changata Health Centre","Southern","Thyolo","TA Changata","TH3103","2","Non-EmONC","No","-16.2325695","35.1475641"
"Chilengo Dispensary","Chilengo Dispensary","Southern","Thyolo","TA Mphuka","TH310205","1","Non-EmONC","No","-16.1358928","35.015817"
"Chimaliro Health Centre","Chimaliro Health Centre","Southern","Thyolo","TA Chimaliro","TH3104","2","Non-EmONC","No","-15.9770331","35.1815883"
"Chimvu Health Centre","Chimvu Health Centre","Southern","Thyolo","TA Boidi","TH3105","2","BEmONC","No","-15.9418851","35.1228315"
"Chingazi Rural Hospital","Chingazi Rural Hospital","Southern","Thyolo","TA Chimaliro","TH3106","2","BEmONC","No","-15.9182201","35.2055775"
"Chinthebe Dispensary","Chinthebe Dispensary","Southern","Thyolo","TA Ngomano","TH3127","1","Non-EmONC","No","-16.0022334","35.0129849"
"Chipho Health Centre","Chipho Health Centre","Southern","Thyolo","TA Nsabwe","TH3124","2","BEmONC","No","-16.2618439","35.2961807"
"Chisoka Health Centre","Chisoka Health Centre","Southern","Thyolo","TA Chimaliro","TH3127","2","BEmONC","No","-15.9415069","35.2089267"
"Chisunga Dispensary","Chisunga Dispensary","Southern","Thyolo","TA Bvumbwe","TH3143","1","Non-EmONC","No","-16.0179728","35.0317893"
"Conforzi Clinic","Conforzi Clinic","Southern","Thyolo","TA Nchilamwera","TH3121","1","Non-EmONC","No","-16.0507581","35.1543531"
"Didi Health Centre","Didi Health Centre","Southern","Thyolo","TA Mphuka","TH3129","2","BEmONC","No","-16.0609381","34.9900243"
"Dzimbiri Health Post","Dzimbiri Health Post","Southern","Thyolo","TA Mphuka","TH3129","1","Non-EmONC","No","-16.1025296","34.9972256"
"Gombe Health Centre","Gombe Health Centre","Southern","Thyolo","TA Thukuta","TH3107","2","BEmONC","No","-16.3726994","35.2314243"
"Kasembeleka Dispensary","Kasembeleka Dispensary","Southern","Thyolo","TA Khwethemule","TH0160","1","Non-EmONC","No","-16.1192866","35.0983131"
"Khonjeni Health Centre","Khonjeni Health Centre","Southern","Thyolo","TA Kapichi","TH3109","2","BEmONC","No","-16.0968059","35.2715062"
"Khwethemule Health Post","Khwethemule Health Post","Southern","Thyolo","TA Khwethemule","TH0","1","Non-EmONC","No","-16.2061648","35.109801"
"Lomola Health Centre","Lomola Health Centre","Southern","Thyolo","TA Ndalama","TH311915","2","BEmONC","No","-16.0247101","35.2896818"
"Mafisi Dispensary","Mafisi Dispensary","Southern","Thyolo","TA Kapichi","TH3132","1","Non-EmONC","No","-16.0935144","35.2420058"
"Makapwa Health Centre","Makapwa Health Centre","Southern","Thyolo","TA Kapichi","TH3110","2","BEmONC","No","-16.1818213","35.2797395"
"Makungwa Health Centre","Makungwa Health Centre","Southern","Thyolo","TA Bvumbwe","TH3101","2","BEmONC","No","-15.939975","35.0266483"
"Makwasa Clinic","Makwasa Clinic","Southern","Thyolo","TA Khwethemule","TH3150","1","Non-EmONC","No","-16.194824","35.105629"
"Malamulo Mission Hospital","Malamulo Mission Hospital","Southern","Thyolo","TA Khwethemule","TH3111","3","CEmONC","Yes","-16.1707105","35.1105524"
"Mangunda Health Centre","Mangunda Health Centre","Southern","Thyolo","TA Nanseta","TH3112","2","Non-EmONC","No","-16.0288255","35.2615215"
"Mapanga Health Centre","Mapanga Health Centre","Southern","Thyolo","TA Mbawera","TH3125","2","BEmONC","No","-16.2759825","35.1967701"
"Mbalanguzi Dispensary","Mbalanguzi Dispensary","Southern","Thyolo","TA Mbawera","TH3113","1","Non-EmONC","No","-16.250923","35.1665436"
"Mianga Health Centre","Mianga Health Centre","Southern","Thyolo","STA Mlenga","TH3141","2","BEmONC","No","-16.0987945","35.0755852"
"Mianga Health Centre","Mianga Health Centre","Southern","Thyolo","STA Mlenga","THY3141","2","BEmONC","No","-16.0987206","35.0756823"
"Mikolongwe Health Centre","Mikolongwe Health Centre","Southern","Thyolo","TA Chimaliro","TH3114","2","Non-EmONC","No","-15.9014693","35.183701"
"Mitengo Health Centre","Mitengo Health Centre","Southern","Thyolo","TA Kapichi","TH3117","2","BEmONC","No","-16.111035","35.24543"
"Naming'omba Clinic","Naming'omba Clinic","Southern","Thyolo","TA Nchilamwera","TH3121","1","Non-EmONC","No","-16.0399815","35.0899047"
"Nchima Clinic","Nchima Clinic","Southern","Thyolo","TA Nchilamwera","TH3121","1","Non-EmONC","No","-16.1136273","35.1402863"
"Njale Health Centre","Njale Health Centre","Southern","Thyolo","STA Mlenga","TH312133","2","BEmONC","No","-16.099107","35.0679117"
"Nkhataombere Dispensary","Nkhataombere Dispensary","Southern","Thyolo","TA Nsabwe","TH3115","1","Non-EmONC","No","-16.324045","35.26382333333333"
"Nsabwe Dispensary","Nsabwe Dispensary","Southern","Thyolo","TA Nsabwe","TH3116","1","Non-EmONC","No","-16.3399701","35.2010961"
"Ntambanyama Health Centre","Ntambanyama Health Centre","Southern","Thyolo","TA Khwethemule","TH3108","2","Non-EmONC","No","-16.1267663","35.0844336"
"Sambankhanga Clinic","Sambankhanga Clinic","Southern","Thyolo","TA Khwethemule","TH3143","1","Non-EmONC","No","-16.1397664","35.0985808"
"Sandama Health Post","Sandama Health Post","Southern","Thyolo","TA Mbawera","TH311316","1","Non-EmONC","No","-16.2051041","35.295507"
"Satemwa Health Centre","Satemwa Health Centre","Southern","Thyolo","STA Mlenga","TH3144","2","BEmONC","No","-16.077119","35.0762864"
"St Martin Molere Health Centre","St Martin Molere Health Centre","Southern","Thyolo","TA Changata","TH3118","2","Non-EmONC","No","-16.2176005","35.1355992"
"Thekerani Rural Hospital","Thekerani Rural Hospital","Southern","Thyolo","TA Nsabwe","TH3119","2","BEmONC","No","-16.3214576","35.2072577"
"Thomas Health Centre","Thomas Health Centre","Southern","Thyolo","TA Mpenda","TH3120","2","BEmONC","No","-16.0298364","34.9789239"
"Thowera Health Centre","Thowera Health Centre","Southern","Thyolo","TA Ndalama","TH311916","2","Non-EmONC","No","-16.032032","35.3040387"
"Thukuta Health Post","Thukuta Health Post","Southern","Thyolo","TA Thukuta","TH3107","1","Non-EmONC","No","-16.3943417","35.2633433"
"Thunga Health Centre","Thunga Health Centre","Southern","Thyolo","TA Bvumbwe","TH3143","2","Non-EmONC","No","-16.0011284","35.0654653"
"Thyolo District Hospital","Thyolo District Hospital","Southern","Thyolo","TA Nchilamwera","TH3121","3","CEmONC","Yes","-16.0691026","35.1478457"
"Zoa Health Centre","Zoa Health Centre","Southern","Thyolo","TA Mbawera","TH3122","2","Non-EmONC","No","-16.2376102","35.1997302"
"Bimbi Health Centre","Bimbi Health Centre","Southern","Zomba","TA Kuntumanje","ZA2701","2","BEmONC","No","-15.3091643","35.4795231"
"Chamba Health Centre","Chamba Health Centre","Southern","Zomba","TA Mwambo","ZA2702","2","BEmONC","No","-15.4656117","35.5168533"
"Chanco Clinic","Chanco Clinic","Southern","Zomba","TA Chikowi","ZA2760","1","Non-EmONC","No","-15.3853783","35.3324783"
"Changalume Barracks Health Centre","Changalume Barracks Health Centre","Southern","Zomba","TA Namadidi","ZA2740","2","Non-EmONC","No","-15.3893149","35.2117242"
"Chilipa Health Centre","Chilipa Health Centre","Southern","Zomba","TA Nkapita","ZA2703","2","BEmONC","No","-15.3244602","35.1168639"
"Chingale Health Centre","Chingale Health Centre","Southern","Zomba","TA Namadidi","ZA2704","2","BEmONC","No","-15.3967362","35.1806802"
"Chipini Health Centre","Chipini Health Centre","Southern","Zomba","TA Namadidi","ZA2705","2","BEmONC","No","-15.3893273","35.0946353"
"Chisi Health Centre","Chisi Health Centre","Southern","Zomba","TA Mkumbira","ZA2737","2","BEmONC","No","-15.3256893","35.60509"
"Chuluchosema Health Centre","Chuluchosema Health Centre","Southern","Zomba","TA Chikowi","ZA2774","2","Non-EmONC","No","-15.4426191","35.3664597"
"City Health Centre","City Health Centre","Southern","Zomba","TA Chikowi","ZA2723","2","Non-EmONC","No","-15.3906436","35.3241701"
"Cobbe Barracks Health Centre","Cobbe Barracks Health Centre","Southern","Zomba","TA Mlumbe","ZA2729","2","Non-EmONC","No","-15.3905393","35.3054261"
"Domasi Rural Hospital","Domasi Rural Hospital","Southern","Zomba","TA Malemia","ZA2706","2","BEmONC","No","-15.2808798","35.3993784"
"H Parker Health Centre","H Parker Health Centre","Southern","Zomba","TA Malemia","ZA2707","2","BEmONC","No","-15.2990802","35.3608918"
"Khanda Health Centre","Khanda Health Centre","Southern","Zomba","TA Nkagula","ZA2777","2","BEmONC","No","-15.3579933","35.51205"
"Lambulira Health Centre","Lambulira Health Centre","Southern","Zomba","TA Chikowi","ZA2708","2","BEmONC","No","-15.4842909","35.3371998"
"Likangala Health Centre","Likangala Health Centre","Southern","Zomba","TA Lamusi","ZA2709","2","BEmONC","No","-15.4279884","35.5443733"
"Machinjiri Health Centre","Machinjiri Health Centre","Southern","Zomba","TA Malemia","ZA2733","2","BEmONC","No","-15.2371503","35.4183067"
"Maera Health Centre","Maera Health Centre","Southern","Zomba","TA Mlumbe","ZA2739","2","BEmONC","No","-15.5097816","35.1315986"
"Magomero Health Centre","Magomero Health Centre","Southern","Zomba","STA Ntholowa","ZA2710","2","BEmONC","No","-15.5615349","35.2610608"
"Makina Health Centre","Makina Health Centre","Southern","Zomba","TA Lamusi","ZA2775","2","Non-EmONC","No","-15.5165807","35.5987366"
"Makwapala Health Centre","Makwapala Health Centre","Southern","Zomba","TA Nkagula","ZA2711","2","BEmONC","No","-15.3694063","35.4506469"
"Masm Med Clinic","Masm Med Clinic","Southern","Zomba","TA Malemia","ZA2768","1","Non-EmONC","No","-15.3785123","35.3315052"
"Matawale Health Centre","Matawale Health Centre","Southern","Zomba","TA Mwambo","ZA2724","2","BEmONC","No","-15.3905983","35.3595917"
"Matiya Health Centre","Matiya Health Centre","Southern","Zomba","TA Lamusi","ZA2712","2","BEmONC","No","-15.530293","35.5506208"
"Mayaka Health Centre","Mayaka Health Centre","Southern","Zomba","STA Mwembere","ZA2713","2","BEmONC","No","-15.5736439","35.3724936"
"Mmambo Health Centre","Mmambo Health Centre","Southern","Zomba","TA Nkapita","ZA2731","2","BEmONC","No","-15.2626842","35.1596843"
"Mwandama Health Centre","Mwandama Health Centre","Southern","Zomba","TA Mlumbe","ZA2738","2","BEmONC","No","-15.4980884","35.1881162"
"Naisi Health Centre","Naisi Health Centre","Southern","Zomba","TA Malemia","ZA2732","2","BEmONC","No","-15.3577692","35.3850925"
"Namadidi Health Centre","Namadidi Health Centre","Southern","Zomba","TA Mlumbe","ZA2736","2","BEmONC","No","-15.4096351","35.2487997"
"Namasalima Health Centre","Namasalima Health Centre","Southern","Zomba","TA Kuntumanje","ZA2714","2","BEmONC","No","-15.2313769","35.4887842"
"Namikango Health Centre","Namikango Health Centre","Southern","Zomba","TA Mlumbe","ZA2715","2","BEmONC","No","-15.477289","35.2407195"
"Nasawa Health Centre","Nasawa Health Centre","Southern","Zomba","STA Ntholowa","ZA2725","2","BEmONC","No","-15.6023286","35.2594559"
"Ngwelero Health Centre","Ngwelero Health Centre","Southern","Zomba","TA Ngwelero","ZA2716","2","BEmONC","No","-15.6663483","35.42741"
"Nkasala Health Centre","Nkasala Health Centre","Southern","Zomba","TA Nkapita","ZA2717","2","BEmONC","No","-15.3277172","35.2166504"
"Pirimiti Community Hospital","Pirimiti Community Hospital","Southern","Zomba","TA Mwambo","ZA2718","3","CEmONC","Yes","-15.4826775","35.4508449"
"Police Community Hospital","Police Community Hospital","Southern","Zomba","TA Chikowi","ZA2728","2","CEmONC","No","-15.3911117","35.3268712"
"Sadzi Health Centre","Sadzi Health Centre","Southern","Zomba","TA Chikowi","ZA2734","2","Non-EmONC","No","-15.4086818","35.3194392"
"St Lukes Mission Hospital","St Lukes Mission Hospital","Southern","Zomba","TA Malemia","ZA2719","3","CEmONC","No","-15.2084853","35.3522885"
"St Robert Health Centre","St Robert Health Centre","Southern","Zomba","TA Mwambo","ZA2776","2","BEmONC","No","-15.4256042","35.4579931"
"Thondwe Dispensary","Thondwe Dispensary","Southern","Zomba","TA Mlumbe","ZA2721","1","Non-EmONC","No","-15.4848421","35.2369074"
"Zilindo Health Centre","Zilindo Health Centre","Southern","Zomba","TA Mlumbe","ZA2735","2","Non-EmONC","No","-15.3805298","35.3012999"
"Zomba Central Hospital","Zomba Central Hospital","Southern","Zomba","TA Chikowi","ZA2722","4","CEmONC","Yes","-15.3980617","35.3141817"
"Zomba Central Prison Clinic","Zomba Central Prison Clinic","Southern","Zomba","TA Mlumbe","ZA2730","1","Non-EmONC","No","-15.3963237","35.3121229"