"name","label","region","district","hf_name"
"Mapanjira","Mapanjira","Northern","Mzimba South","Chikangawa Health Centre"
"Mapanjira","Mapanjira","Northern","Mzimba South","St Kizito Mission Hospital"
"Maganizo","Maganizo","Northern","Nkhata Bay","Tester Clinic"
"Mpingu","Mpingu","Northern","Rumphi","Chamama Community Hospital"
"Mpilisi","Mpilisi","Southern","Balaka","Dziwe Dispensary"
"Chikoko","Chikoko","Southern","Balaka","Kalembo Health Centre"
"Chiundu","Chiundu","Southern","Balaka","Kalembo Health Centre"
"Makande","Makande","Southern","Balaka","Kalembo Health Centre"
"Maleta","Maleta","Southern","Balaka","Kalembo Health Centre"
"Michesi","Michesi","Southern","Balaka","Kalembo Health Centre"
"Mkweta 1","Mkweta 1","Southern","Balaka","Kalembo Health Centre"
"Mkweta 3","Mkweta 3","Southern","Balaka","Kalembo Health Centre"
"Mpango","Mpango","Southern","Balaka","Kalembo Health Centre"
"Mpemba 1","Mpemba 1","Southern","Balaka","Kalembo Health Centre"
"Mpemba 2","Mpemba 2","Southern","Balaka","Kalembo Health Centre"
"Msaliwa","Msaliwa","Southern","Balaka","Kalembo Health Centre"
"Msuwo","Msuwo","Southern","Balaka","Kalembo Health Centre"
"Chapita","Chapita","Southern","Balaka","Namanolo Dispensary"
"Chipole","Chipole","Southern","Balaka","Namanolo Dispensary"
"Disi","Disi","Southern","Balaka","Namanolo Dispensary"
"Kalambo","Kalambo","Southern","Balaka","Namanolo Dispensary"
"Katundu","Katundu","Southern","Balaka","Namanolo Dispensary"
"Mmanga","Mmanga","Southern","Balaka","Namanolo Dispensary"
"Mtonya","Mtonya","Southern","Balaka","Namanolo Dispensary"
"Ngungwa","Ngungwa","Southern","Balaka","Namanolo Dispensary"
"Thukuta","Thukuta","Southern","Balaka","Namanolo Dispensary"
"Majikuta","Majikuta","Southern","Balaka","Nandumbo Health Centre"
"Ngumbe","Ngumbe","Southern","Balaka","Nandumbo Health Centre"
"Chimimba","Chimimba","Southern","Balaka","Phimbi Health Centre"
"Mgomwa","Mgomwa","Southern","Balaka","Phimbi Health Centre"
"Phimbi","Phimbi","Southern","Balaka","Phimbi Health Centre"
"Bulaimu","Bulaimu","Southern","Mangochi","Assalam Health Centre"
"Changamire 1","Changamire 1","Southern","Mangochi","Assalam Health Centre"
"Changamire 2","Changamire 2","Southern","Mangochi","Assalam Health Centre"
"Chilunda","Chilunda","Southern","Mangochi","Assalam Health Centre"
"Chimtolo","Chimtolo","Southern","Mangochi","Assalam Health Centre"
"Kafucheche 1","Kafucheche 1","Southern","Mangochi","Assalam Health Centre"
"Kafucheche 2","Kafucheche 2","Southern","Mangochi","Assalam Health Centre"
"Mkwanda 1","Mkwanda 1","Southern","Mangochi","Assalam Health Centre"
"Mkwanda 2","Mkwanda 2","Southern","Mangochi","Assalam Health Centre"
"Mpinganjira 2","Mpinganjira 2","Southern","Mangochi","Assalam Health Centre"
"Mwanza","Mwanza","Southern","Mangochi","Assalam Health Centre"
"Njingama","Njingama","Southern","Mangochi","Assalam Health Centre"
"Chembe","Chembe","Southern","Mangochi","Billy Riordan Mission Hospital"
"Chembe 2","Chembe 2","Southern","Mangochi","Billy Riordan Mission Hospital"
"Kafukuta","Kafukuta","Southern","Mangochi","Billy Riordan Mission Hospital"
"Katukumala","Katukumala","Southern","Mangochi","Cape Maclear Dispensary"
"Madothi","Madothi","Southern","Mangochi","Cape Maclear Dispensary"
"Muonda","Muonda","Southern","Mangochi","Cape Maclear Dispensary"
"Nkhono","Nkhono","Southern","Mangochi","Cape Maclear Dispensary"
"Bwanali","Bwanali","Southern","Mangochi","Chikole Health Centre"
"Chinawa","Chinawa","Southern","Mangochi","Chikole Health Centre"
"Chowe 1","Chowe 1","Southern","Mangochi","Chikole Health Centre"
"Chowe 2","Chowe 2","Southern","Mangochi","Chikole Health Centre"
"Kunde","Kunde","Southern","Mangochi","Chikole Health Centre"
"Liundi","Liundi","Southern","Mangochi","Chikole Health Centre"
"Mamu","Mamu","Southern","Mangochi","Chikole Health Centre"
"Masache","Masache","Southern","Mangochi","Chikole Health Centre"
"Matamanda","Matamanda","Southern","Mangochi","Chikole Health Centre"
"Matola","Matola","Southern","Mangochi","Chikole Health Centre"
"Mbamba","Mbamba","Southern","Mangochi","Chikole Health Centre"
"Wasili","Wasili","Southern","Mangochi","Chikole Health Centre"
"Abina","Abina","Southern","Mangochi","Chilipa Health Centre"
"Bamusi","Bamusi","Southern","Mangochi","Chilipa Health Centre"
"Bwanali","Bwanali","Southern","Mangochi","Chilipa Health Centre"
"Chalenga","Chalenga","Southern","Mangochi","Chilipa Health Centre"
"Chazika","Chazika","Southern","Mangochi","Chilipa Health Centre"
"Chilipa","Chilipa","Southern","Mangochi","Chilipa Health Centre"
"Chocho","Chocho","Southern","Mangochi","Chilipa Health Centre"
"Ipira","Ipira","Southern","Mangochi","Chilipa Health Centre"
"Jekete","Jekete","Southern","Mangochi","Chilipa Health Centre"
"Kalinde","Kalinde","Southern","Mangochi","Chilipa Health Centre"
"Leven","Leven","Southern","Mangochi","Chilipa Health Centre"
"Liba","Liba","Southern","Mangochi","Chilipa Health Centre"
"Malenga","Malenga","Southern","Mangochi","Chilipa Health Centre"
"Masapi","Masapi","Southern","Mangochi","Chilipa Health Centre"
"Matenje","Matenje","Southern","Mangochi","Chilipa Health Centre"
"Mphika","Mphika","Southern","Mangochi","Chilipa Health Centre"
"Naunje","Naunje","Southern","Mangochi","Chilipa Health Centre"
"Nikisi","Nikisi","Southern","Mangochi","Chilipa Health Centre"
"Chilembwe","Chilembwe","Southern","Mangochi","Chilonga Health Centre"
"Chilonga","Chilonga","Southern","Mangochi","Chilonga Health Centre"
"Hassan","Hassan","Southern","Mangochi","Chilonga Health Centre"
"Kanyama","Kanyama","Southern","Mangochi","Chilonga Health Centre"
"Kella","Kella","Southern","Mangochi","Chilonga Health Centre"
"Laja","Laja","Southern","Mangochi","Chilonga Health Centre"
"Makunje","Makunje","Southern","Mangochi","Chilonga Health Centre"
"Somba","Somba","Southern","Mangochi","Chilonga Health Centre"
"Chiponde","Chiponde","Southern","Mangochi","Chiponde Health Centre"
"Kamwepe","Kamwepe","Southern","Mangochi","Chiponde Health Centre"
"Makunula","Makunula","Southern","Mangochi","Chiponde Health Centre"
"Matamanda","Matamanda","Southern","Mangochi","Chiponde Health Centre"
"Mbosongwe","Mbosongwe","Southern","Mangochi","Chiponde Health Centre"
"Mkuti","Mkuti","Southern","Mangochi","Chiponde Health Centre"
"Mlambala","Mlambala","Southern","Mangochi","Chiponde Health Centre"
"Mlomba","Mlomba","Southern","Mangochi","Chiponde Health Centre"
"Mtalika","Mtalika","Southern","Mangochi","Chiponde Health Centre"
"Mtanga","Mtanga","Southern","Mangochi","Chiponde Health Centre"
"Nkolesya","Nkolesya","Southern","Mangochi","Chiponde Health Centre"
"Chilekani","Chilekani","Southern","Mangochi","Chiumbangame Health Centre"
"Chiumbampasuka","Chiumbampasuka","Southern","Mangochi","Chiumbangame Health Centre"
"Chiumbangame","Chiumbangame","Southern","Mangochi","Chiumbangame Health Centre"
"Chiwanda","Chiwanda","Southern","Mangochi","Chiumbangame Health Centre"
"Makumba","Makumba","Southern","Mangochi","Chiumbangame Health Centre"
"Mbalame","Mbalame","Southern","Mangochi","Chiumbangame Health Centre"
"Mdalamganga","Mdalamganga","Southern","Mangochi","Chiumbangame Health Centre"
"Mwawa","Mwawa","Southern","Mangochi","Chiumbangame Health Centre"
"Chikata","Chikata","Southern","Mangochi","Chiunda Health Centre"
"Chimesya","Chimesya","Southern","Mangochi","Chiunda Health Centre"
"Chiunda","Chiunda","Southern","Mangochi","Chiunda Health Centre"
"Gulumba","Gulumba","Southern","Mangochi","Chiunda Health Centre"
"Kalonga","Kalonga","Southern","Mangochi","Chiunda Health Centre"
"Kambona","Kambona","Southern","Mangochi","Chiunda Health Centre"
"Kasanga","Kasanga","Southern","Mangochi","Chiunda Health Centre"
"Kulinyenga","Kulinyenga","Southern","Mangochi","Chiunda Health Centre"
"Lisinje","Lisinje","Southern","Mangochi","Chiunda Health Centre"
"Machemba","Machemba","Southern","Mangochi","Chiunda Health Centre"
"Magareta","Magareta","Southern","Mangochi","Chiunda Health Centre"
"Misolo","Misolo","Southern","Mangochi","Chiunda Health Centre"
"Mitawa 1","Mitawa 1","Southern","Mangochi","Chiunda Health Centre"
"Mitawa 2","Mitawa 2","Southern","Mangochi","Chiunda Health Centre"
"Mlembe","Mlembe","Southern","Mangochi","Chiunda Health Centre"
"Mliure","Mliure","Southern","Mangochi","Chiunda Health Centre"
"Mponda","Mponda","Southern","Mangochi","Chiunda Health Centre"
"Mussa","Mussa","Southern","Mangochi","Chiunda Health Centre"
"Mwala","Mwala","Southern","Mangochi","Chiunda Health Centre"
"Wadikanga","Wadikanga","Southern","Mangochi","Chiunda Health Centre"
"Bwanali Makoli","Bwanali Makoli","Southern","Mangochi","Iba Health Centre"
"Chilungo","Chilungo","Southern","Mangochi","Iba Health Centre"
"Iba","Iba","Southern","Mangochi","Iba Health Centre"
"Idrusi","Idrusi","Southern","Mangochi","Iba Health Centre"
"Kaluma","Kaluma","Southern","Mangochi","Iba Health Centre"
"Kwilembe","Kwilembe","Southern","Mangochi","Iba Health Centre"
"Matukuta","Matukuta","Southern","Mangochi","Iba Health Centre"
"Matungwi","Matungwi","Southern","Mangochi","Iba Health Centre"
"Maundu","Maundu","Southern","Mangochi","Iba Health Centre"
"Mchenga","Mchenga","Southern","Mangochi","Iba Health Centre"
"Mkata","Mkata","Southern","Mangochi","Iba Health Centre"
"Mponda","Mponda","Southern","Mangochi","Iba Health Centre"
"Balakasi 1","Balakasi 1","Southern","Mangochi","Jalasi Health Centre"
"Balakasi 2","Balakasi 2","Southern","Mangochi","Jalasi Health Centre"
"Chilonga","Chilonga","Southern","Mangochi","Jalasi Health Centre"
"Chilongo","Chilongo","Southern","Mangochi","Jalasi Health Centre"
"Chimwala","Chimwala","Southern","Mangochi","Jalasi Health Centre"
"Chirambo","Chirambo","Southern","Mangochi","Jalasi Health Centre"
"Chiula","Chiula","Southern","Mangochi","Jalasi Health Centre"
"Kabuthu","Kabuthu","Southern","Mangochi","Jalasi Health Centre"
"Luunda","Luunda","Southern","Mangochi","Jalasi Health Centre"
"Magwingwi","Magwingwi","Southern","Mangochi","Jalasi Health Centre"
"Makunganya","Makunganya","Southern","Mangochi","Jalasi Health Centre"
"Makupo","Makupo","Southern","Mangochi","Jalasi Health Centre"
"Malekano","Malekano","Southern","Mangochi","Jalasi Health Centre"
"Mataka","Mataka","Southern","Mangochi","Jalasi Health Centre"
"Matola","Matola","Southern","Mangochi","Jalasi Health Centre"
"Mosiya","Mosiya","Southern","Mangochi","Jalasi Health Centre"
"Mpanga","Mpanga","Southern","Mangochi","Jalasi Health Centre"
"Mtuluko","Mtuluko","Southern","Mangochi","Jalasi Health Centre"
"Nyambi","Nyambi","Southern","Mangochi","Jalasi Health Centre"
"Bulaimu","Bulaimu","Southern","Mangochi","Kadango Health Centre"
"Chikulo","Chikulo","Southern","Mangochi","Kadango Health Centre"
"Chiponda","Chiponda","Southern","Mangochi","Kadango Health Centre"
"Kadango 1 A","Kadango 1 A","Southern","Mangochi","Kadango Health Centre"
"Kadango 1 B","Kadango 1 B","Southern","Mangochi","Kadango Health Centre"
"Kadango 2","Kadango 2","Southern","Mangochi","Kadango Health Centre"
"Lisimbagwe","Lisimbagwe","Southern","Mangochi","Kadango Health Centre"
"Matipani","Matipani","Southern","Mangochi","Kadango Health Centre"
"Ng'ombe 2","Ng'ombe 2","Southern","Mangochi","Kadango Health Centre"
"Nyangu","Nyangu","Southern","Mangochi","Kadango Health Centre"
"Afiki","Afiki","Southern","Mangochi","Kapire Health Centre"
"Bonongwe","Bonongwe","Southern","Mangochi","Kapire Health Centre"
"Chingwalu","Chingwalu","Southern","Mangochi","Kapire Health Centre"
"Donosi","Donosi","Southern","Mangochi","Kapire Health Centre"
"Gwaza","Gwaza","Southern","Mangochi","Kapire Health Centre"
"Kapire","Kapire","Southern","Mangochi","Kapire Health Centre"
"Katoleza","Katoleza","Southern","Mangochi","Kapire Health Centre"
"Malika","Malika","Southern","Mangochi","Kapire Health Centre"
"Nasuluma","Nasuluma","Southern","Mangochi","Kapire Health Centre"
"Tsamilani","Tsamilani","Southern","Mangochi","Kapire Health Centre"
"Uladi","Uladi","Southern","Mangochi","Kapire Health Centre"
"Chilembwe","Chilembwe","Southern","Mangochi","Katema Health Centre"
"Chimombo","Chimombo","Southern","Mangochi","Katema Health Centre"
"Chinsale","Chinsale","Southern","Mangochi","Katema Health Centre"
"John Mapata","John Mapata","Southern","Mangochi","Katema Health Centre"
"Kachala","Kachala","Southern","Mangochi","Katema Health Centre"
"Kanzimbire","Kanzimbire","Southern","Mangochi","Katema Health Centre"
"Lipondo","Lipondo","Southern","Mangochi","Katema Health Centre"
"Maoni 1","Maoni 1","Southern","Mangochi","Katema Health Centre"
"Mawiliga","Mawiliga","Southern","Mangochi","Katema Health Centre"
"Mdenza Thumu","Mdenza Thumu","Southern","Mangochi","Katema Health Centre"
"Mitawa","Mitawa","Southern","Mangochi","Katema Health Centre"
"Mkuchila","Mkuchila","Southern","Mangochi","Katema Health Centre"
"Mkwatula","Mkwatula","Southern","Mangochi","Katema Health Centre"
"Msenga","Msenga","Southern","Mangochi","Katema Health Centre"
"Msosa","Msosa","Southern","Mangochi","Katema Health Centre"
"Mwawa","Mwawa","Southern","Mangochi","Katema Health Centre"
"Mwenyemasi","Mwenyemasi","Southern","Mangochi","Katema Health Centre"
"Ntalika","Ntalika","Southern","Mangochi","Katema Health Centre"
"Katuli","Katuli","Southern","Mangochi","Katuli Health Centre"
"Chipala","Chipala","Southern","Mangochi","Koche Community Hospital"
"Chipoka 1","Chipoka 1","Southern","Mangochi","Koche Community Hospital"
"Kella 1","Kella 1","Southern","Mangochi","Koche Community Hospital"
"Kella 2","Kella 2","Southern","Mangochi","Koche Community Hospital"
"Makawa","Makawa","Southern","Mangochi","Koche Community Hospital"
"Makokola","Makokola","Southern","Mangochi","Koche Community Hospital"
"Matuwi","Matuwi","Southern","Mangochi","Koche Community Hospital"
"Maudzu","Maudzu","Southern","Mangochi","Koche Community Hospital"
"Michesi One","Michesi One","Southern","Mangochi","Koche Community Hospital"
"Michesi One B","Michesi One B","Southern","Mangochi","Koche Community Hospital"
"Michesi Two","Michesi Two","Southern","Mangochi","Koche Community Hospital"
"Mpale A","Mpale A","Southern","Mangochi","Koche Community Hospital"
"Mpale B","Mpale B","Southern","Mangochi","Koche Community Hospital"
"Mpemba","Mpemba","Southern","Mangochi","Koche Community Hospital"
"Mtimbuka","Mtimbuka","Southern","Mangochi","Koche Community Hospital"
"Mtsinje","Mtsinje","Southern","Mangochi","Koche Community Hospital"
"Ntyala","Ntyala","Southern","Mangochi","Koche Community Hospital"
"Salubeni","Salubeni","Southern","Mangochi","Koche Community Hospital"
"Tithe","Tithe","Southern","Mangochi","Koche Community Hospital"
"Bwanali","Bwanali","Southern","Mangochi","Kukalanga Health Centre"
"Changali","Changali","Southern","Mangochi","Kukalanga Health Centre"
"Chapola","Chapola","Southern","Mangochi","Kukalanga Health Centre"
"Chiganga","Chiganga","Southern","Mangochi","Kukalanga Health Centre"
"Chimwala","Chimwala","Southern","Mangochi","Kukalanga Health Centre"
"Chisawa A","Chisawa A","Southern","Mangochi","Kukalanga Health Centre"
"Chisawa B","Chisawa B","Southern","Mangochi","Kukalanga Health Centre"
"Issah","Issah","Southern","Mangochi","Kukalanga Health Centre"
"Kalichero B","Kalichero B","Southern","Mangochi","Kukalanga Health Centre"
"Kapyepye","Kapyepye","Southern","Mangochi","Kukalanga Health Centre"
"Katapwito","Katapwito","Southern","Mangochi","Kukalanga Health Centre"
"Kausi","Kausi","Southern","Mangochi","Kukalanga Health Centre"
"Kawejere","Kawejere","Southern","Mangochi","Kukalanga Health Centre"
"Kukalanga","Kukalanga","Southern","Mangochi","Kukalanga Health Centre"
"Kuwaya","Kuwaya","Southern","Mangochi","Kukalanga Health Centre"
"Likala","Likala","Southern","Mangochi","Kukalanga Health Centre"
"Lundu","Lundu","Southern","Mangochi","Kukalanga Health Centre"
"Luwembe","Luwembe","Southern","Mangochi","Kukalanga Health Centre"
"Mpembena","Mpembena","Southern","Mangochi","Kukalanga Health Centre"
"Mpira","Mpira","Southern","Mangochi","Kukalanga Health Centre"
"Msauka","Msauka","Southern","Mangochi","Kukalanga Health Centre"
"Mtambo","Mtambo","Southern","Mangochi","Kukalanga Health Centre"
"Mtanga","Mtanga","Southern","Mangochi","Kukalanga Health Centre"
"Mtiule","Mtiule","Southern","Mangochi","Kukalanga Health Centre"
"Mvera","Mvera","Southern","Mangochi","Kukalanga Health Centre"
"Mwachikimba","Mwachikimba","Southern","Mangochi","Kukalanga Health Centre"
"Mwalija","Mwalija","Southern","Mangochi","Kukalanga Health Centre"
"Mwalija B","Mwalija B","Southern","Mangochi","Kukalanga Health Centre"
"Mwenyemusa","Mwenyemusa","Southern","Mangochi","Kukalanga Health Centre"
"Namanolo","Namanolo","Southern","Mangochi","Kukalanga Health Centre"
"Ndege","Ndege","Southern","Mangochi","Kukalanga Health Centre"
"Somanje","Somanje","Southern","Mangochi","Kukalanga Health Centre"
"Bakili","Bakili","Southern","Mangochi","Lugola Health Centre"
"Binali Outreach","Binali Outreach","Southern","Mangochi","Lugola Health Centre"
"Binali Village Clinic","Binali Village Clinic","Southern","Mangochi","Lugola Health Centre"
"Kawanga","Kawanga","Southern","Mangochi","Lugola Health Centre"
"Lugola","Lugola","Southern","Mangochi","Lugola Health Centre"
"Mkomanji","Mkomanji","Southern","Mangochi","Lugola Health Centre"
"Mnenje","Mnenje","Southern","Mangochi","Lugola Health Centre"
"Namalweso Lower","Namalweso Lower","Southern","Mangochi","Lugola Health Centre"
"Namalweso Upper","Namalweso Upper","Southern","Mangochi","Lugola Health Centre"
"Saiti","Saiti","Southern","Mangochi","Lugola Health Centre"
"Kwilasya","Kwilasya","Southern","Mangochi","Lulanga Health Centre"
"Lulanga","Lulanga","Southern","Mangochi","Lulanga Health Centre"
"Maluma","Maluma","Southern","Mangochi","Lulanga Health Centre"
"Mambo 2","Mambo 2","Southern","Mangochi","Lulanga Health Centre"
"Mdalamaluma","Mdalamaluma","Southern","Mangochi","Lulanga Health Centre"
"Mnomba","Mnomba","Southern","Mangochi","Lulanga Health Centre"
"Mwasungu","Mwasungu","Southern","Mangochi","Lulanga Health Centre"
"Nyundo","Nyundo","Southern","Mangochi","Lulanga Health Centre"
"Onani","Onani","Southern","Mangochi","Lulanga Health Centre"
"Saiti","Saiti","Southern","Mangochi","Lulanga Health Centre"
"Sani","Sani","Southern","Mangochi","Lulanga Health Centre"
"Biti Kalanje","Biti Kalanje","Southern","Mangochi","Lungwena Health Centre"
"Chapola","Chapola","Southern","Mangochi","Lungwena Health Centre"
"Chilonga","Chilonga","Southern","Mangochi","Lungwena Health Centre"
"Fowo","Fowo","Southern","Mangochi","Lungwena Health Centre"
"Magongwe","Magongwe","Southern","Mangochi","Lungwena Health Centre"
"Mbanda","Mbanda","Southern","Mangochi","Lungwena Health Centre"
"Mbuzi","Mbuzi","Southern","Mangochi","Lungwena Health Centre"
"Mdala Makumba","Mdala Makumba","Southern","Mangochi","Lungwena Health Centre"
"Mdoka","Mdoka","Southern","Mangochi","Lungwena Health Centre"
"Mlani Masyasya","Mlani Masyasya","Southern","Mangochi","Lungwena Health Centre"
"Moto","Moto","Southern","Mangochi","Lungwena Health Centre"
"Mpundi","Mpundi","Southern","Mangochi","Lungwena Health Centre"
"Mtaka","Mtaka","Southern","Mangochi","Lungwena Health Centre"
"Mwanan'dogo","Mwanan'dogo","Southern","Mangochi","Lungwena Health Centre"
"Mwanjati","Mwanjati","Southern","Mangochi","Lungwena Health Centre"
"Ng'ombe","Ng'ombe","Southern","Mangochi","Lungwena Health Centre"
"Talia","Talia","Southern","Mangochi","Lungwena Health Centre"
"Tumbula","Tumbula","Southern","Mangochi","Lungwena Health Centre"
"Tumbwe","Tumbwe","Southern","Mangochi","Lungwena Health Centre"
"Luwalika","Luwalika","Southern","Mangochi","Luwalika Health Centre"
"Ching'anda","Ching'anda","Southern","Mangochi","Maganga Dispensary"
"Kumbani","Kumbani","Southern","Mangochi","Maganga Dispensary"
"M'chenule","M'chenule","Southern","Mangochi","Maganga Dispensary"
"Mambo","Mambo","Southern","Mangochi","Maganga Dispensary"
"Mng'omba 1","Mng'omba 1","Southern","Mangochi","Maganga Dispensary"
"Mpamila","Mpamila","Southern","Mangochi","Maganga Dispensary"
"Mtsinje","Mtsinje","Southern","Mangochi","Maganga Dispensary"
"Nalungu","Nalungu","Southern","Mangochi","Maganga Dispensary"
"Namitumbu","Namitumbu","Southern","Mangochi","Maganga Dispensary"
"Binalimkanda","Binalimkanda","Southern","Mangochi","Makanjira Health Centre"
"Bwanasani","Bwanasani","Southern","Mangochi","Makanjira Health Centre"
"Chilawe","Chilawe","Southern","Mangochi","Makanjira Health Centre"
"Chilinda","Chilinda","Southern","Mangochi","Makanjira Health Centre"
"Kalinga","Kalinga","Southern","Mangochi","Makanjira Health Centre"
"Likowa","Likowa","Southern","Mangochi","Makanjira Health Centre"
"Lukoloma","Lukoloma","Southern","Mangochi","Makanjira Health Centre"
"Lukono","Lukono","Southern","Mangochi","Makanjira Health Centre"
"Makanjira","Makanjira","Southern","Mangochi","Makanjira Health Centre"
"Makonjeni","Makonjeni","Southern","Mangochi","Makanjira Health Centre"
"Makunula","Makunula","Southern","Mangochi","Makanjira Health Centre"
"Malamia","Malamia","Southern","Mangochi","Makanjira Health Centre"
"Malufu","Malufu","Southern","Mangochi","Makanjira Health Centre"
"Matindiri","Matindiri","Southern","Mangochi","Makanjira Health Centre"
"Mikochi","Mikochi","Southern","Mangochi","Makanjira Health Centre"
"Mkopiti","Mkopiti","Southern","Mangochi","Makanjira Health Centre"
"Mpangama","Mpangama","Southern","Mangochi","Makanjira Health Centre"
"Mponera","Mponera","Southern","Mangochi","Makanjira Health Centre"
"Mtiule","Mtiule","Southern","Mangochi","Makanjira Health Centre"
"Mtwana","Mtwana","Southern","Mangochi","Makanjira Health Centre"
"Ndete","Ndete","Southern","Mangochi","Makanjira Health Centre"
"Njerenje","Njerenje","Southern","Mangochi","Makanjira Health Centre"
"Selemani","Selemani","Southern","Mangochi","Makanjira Health Centre"
"Chenga","Chenga","Southern","Mangochi","Malembo Health Centre"
"Chigonere","Chigonere","Southern","Mangochi","Malembo Health Centre"
"Chilawi","Chilawi","Southern","Mangochi","Malembo Health Centre"
"Chilimba 1","Chilimba 1","Southern","Mangochi","Malembo Health Centre"
"Chilimba 2","Chilimba 2","Southern","Mangochi","Malembo Health Centre"
"Kaliati","Kaliati","Southern","Mangochi","Malembo Health Centre"
"Kalowa","Kalowa","Southern","Mangochi","Malembo Health Centre"
"Katole","Katole","Southern","Mangochi","Malembo Health Centre"
"Kholowere","Kholowere","Southern","Mangochi","Malembo Health Centre"
"Khombe","Khombe","Southern","Mangochi","Malembo Health Centre"
"Manzi","Manzi","Southern","Mangochi","Malembo Health Centre"
"Matapan'gombe","Matapan'gombe","Southern","Mangochi","Malembo Health Centre"
"Matekwe","Matekwe","Southern","Mangochi","Malembo Health Centre"
"Mbinda","Mbinda","Southern","Mangochi","Malembo Health Centre"
"Mselema","Mselema","Southern","Mangochi","Malembo Health Centre"
"Mtola","Mtola","Southern","Mangochi","Malembo Health Centre"
"Mwalala","Mwalala","Southern","Mangochi","Malembo Health Centre"
"Simoni","Simoni","Southern","Mangochi","Malembo Health Centre"
"Yusufu","Yusufu","Southern","Mangochi","Malembo Health Centre"
"Zimbawadi","Zimbawadi","Southern","Mangochi","Malembo Health Centre"
"Zimbayuda","Zimbayuda","Southern","Mangochi","Malembo Health Centre"
"Maleta","Maleta","Southern","Mangochi","Maleta Dispensary"
"Chipole","Chipole","Southern","Mangochi","Malombe Health Centre"
"Kadewere 1","Kadewere 1","Southern","Mangochi","Malombe Health Centre"
"Kamtunda","Kamtunda","Southern","Mangochi","Malombe Health Centre"
"Kamwana","Kamwana","Southern","Mangochi","Malombe Health Centre"
"Kwisimba","Kwisimba","Southern","Mangochi","Malombe Health Centre"
"Likoswe","Likoswe","Southern","Mangochi","Malombe Health Centre"
"Likulungwa","Likulungwa","Southern","Mangochi","Malombe Health Centre"
"Mpira","Mpira","Southern","Mangochi","Malombe Health Centre"
"Mtuka","Mtuka","Southern","Mangochi","Malombe Health Centre"
"Nalikolo 1","Nalikolo 1","Southern","Mangochi","Malombe Health Centre"
"Nalikolo 2","Nalikolo 2","Southern","Mangochi","Malombe Health Centre"
"Nsalika","Nsalika","Southern","Mangochi","Malombe Health Centre"
"Sili","Sili","Southern","Mangochi","Malombe Health Centre"
"Makwinja","Makwinja","Southern","Mangochi","Mamakhadija Health Centre"
"Ngalande","Ngalande","Southern","Mangochi","Mamakhadija Health Centre"
"Sumaili","Sumaili","Southern","Mangochi","Mamakhadija Health Centre"
"Taliyani","Taliyani","Southern","Mangochi","Mamakhadija Health Centre"
"Basically Cassim","Basically Cassim","Southern","Mangochi","Mangochi District Hospital"
"Boma","Boma","Southern","Mangochi","Mangochi District Hospital"
"Bwanali","Bwanali","Southern","Mangochi","Mangochi District Hospital"
"Chikowi","Chikowi","Southern","Mangochi","Mangochi District Hospital"
"Chingotwo","Chingotwo","Southern","Mangochi","Mangochi District Hospital"
"Chipalamawamba","Chipalamawamba","Southern","Mangochi","Mangochi District Hospital"
"Chomba","Chomba","Southern","Mangochi","Mangochi District Hospital"
"Dimu","Dimu","Southern","Mangochi","Mangochi District Hospital"
"Kalonga","Kalonga","Southern","Mangochi","Mangochi District Hospital"
"Kasanga","Kasanga","Southern","Mangochi","Mangochi District Hospital"
"Kasimu","Kasimu","Southern","Mangochi","Mangochi District Hospital"
"Laini","Laini","Southern","Mangochi","Mangochi District Hospital"
"M'baluku","M'baluku","Southern","Mangochi","Mangochi District Hospital"
"M'bondo","M'bondo","Southern","Mangochi","Mangochi District Hospital"
"M'bondo 2","M'bondo 2","Southern","Mangochi","Mangochi District Hospital"
"Majolica 1","Majolica 1","Southern","Mangochi","Mangochi District Hospital"
"Makewana","Makewana","Southern","Mangochi","Mangochi District Hospital"
"Makoli","Makoli","Southern","Mangochi","Mangochi District Hospital"
"Maliwa","Maliwa","Southern","Mangochi","Mangochi District Hospital"
"Mangochi","Mangochi","Southern","Mangochi","Mangochi District Hospital"
"Manjombe","Manjombe","Southern","Mangochi","Mangochi District Hospital"
"Masi","Masi","Southern","Mangochi","Mangochi District Hospital"
"Mgundaphiri","Mgundaphiri","Southern","Mangochi","Mangochi District Hospital"
"Mitawa","Mitawa","Southern","Mangochi","Mangochi District Hospital"
"Mosia 1","Mosia 1","Southern","Mangochi","Mangochi District Hospital"
"Mosia 2","Mosia 2","Southern","Mangochi","Mangochi District Hospital"
"Mphika","Mphika","Southern","Mangochi","Mangochi District Hospital"
"Mpima","Mpima","Southern","Mangochi","Mangochi District Hospital"
"Mpinganjira","Mpinganjira","Southern","Mangochi","Mangochi District Hospital"
"Mtavu","Mtavu","Southern","Mangochi","Mangochi District Hospital"
"Musa","Musa","Southern","Mangochi","Mangochi District Hospital"
"Mwawa","Mwawa","Southern","Mangochi","Mangochi District Hospital"
"Namakadzu","Namakadzu","Southern","Mangochi","Mangochi District Hospital"
"Ndondo","Ndondo","Southern","Mangochi","Mangochi District Hospital"
"Ngalamu","Ngalamu","Southern","Mangochi","Mangochi District Hospital"
"Ntangaluka","Ntangaluka","Southern","Mangochi","Mangochi District Hospital"
"Pongolani","Pongolani","Southern","Mangochi","Mangochi District Hospital"
"Bwanali","Bwanali","Southern","Mangochi","Mase Health Centre"
"Itimu","Itimu","Southern","Mangochi","Mase Health Centre"
"Kawinga","Kawinga","Southern","Mangochi","Mase Health Centre"
"M'madinsosa","M'madinsosa","Southern","Mangochi","Mase Health Centre"
"Majawa","Majawa","Southern","Mangochi","Mase Health Centre"
"Matosa","Matosa","Southern","Mangochi","Mase Health Centre"
"Mkata","Mkata","Southern","Mangochi","Mase Health Centre"
"Bwanasomo","Bwanasomo","Southern","Mangochi","Mbalama Health Centre"
"Chaphuka","Chaphuka","Southern","Mangochi","Mbalama Health Centre"
"Ibu","Ibu","Southern","Mangochi","Mbalama Health Centre"
"Lamba","Lamba","Southern","Mangochi","Mbalama Health Centre"
"Lewani","Lewani","Southern","Mangochi","Mbalama Health Centre"
"Maliwata","Maliwata","Southern","Mangochi","Mbalama Health Centre"
"Malukula","Malukula","Southern","Mangochi","Mbalama Health Centre"
"Mbalama","Mbalama","Southern","Mangochi","Mbalama Health Centre"
"Mkopo","Mkopo","Southern","Mangochi","Mbalama Health Centre"
"Mlima","Mlima","Southern","Mangochi","Mbalama Health Centre"
"Mpunga","Mpunga","Southern","Mangochi","Mbalama Health Centre"
"Mzinda","Mzinda","Southern","Mangochi","Mbalama Health Centre"
"Boolera","Boolera","Southern","Mangochi","Mehboob Community Hospital"
"Chikundo","Chikundo","Southern","Mangochi","Mehboob Community Hospital"
"Chimatiro","Chimatiro","Southern","Mangochi","Mehboob Community Hospital"
"Chipoka Two","Chipoka Two","Southern","Mangochi","Mehboob Community Hospital"
"Chipoka Two A","Chipoka Two A","Southern","Mangochi","Mehboob Community Hospital"
"Chisigere","Chisigere","Southern","Mangochi","Mehboob Community Hospital"
"Katumbiri","Katumbiri","Southern","Mangochi","Mehboob Community Hospital"
"Luwinda","Luwinda","Southern","Mangochi","Mehboob Community Hospital"
"Masanga","Masanga","Southern","Mangochi","Mehboob Community Hospital"
"Mauwa","Mauwa","Southern","Mangochi","Mehboob Community Hospital"
"Mdoka","Mdoka","Southern","Mangochi","Mehboob Community Hospital"
"Mitawa","Mitawa","Southern","Mangochi","Mehboob Community Hospital"
"Mkali","Mkali","Southern","Mangochi","Mehboob Community Hospital"
"Nansenga","Nansenga","Southern","Mangochi","Mehboob Community Hospital"
"Nkungumbe","Nkungumbe","Southern","Mangochi","Mehboob Community Hospital"
"Bulahimu","Bulahimu","Southern","Mangochi","Mkucingajwambone Health Centre"
"Iwole","Iwole","Southern","Mangochi","Mkucingajwambone Health Centre"
"Koma","Koma","Southern","Mangochi","Mkucingajwambone Health Centre"
"Kwitanda","Kwitanda","Southern","Mangochi","Mkucingajwambone Health Centre"
"Malingula","Malingula","Southern","Mangochi","Mkucingajwambone Health Centre"
"Mapujali","Mapujali","Southern","Mangochi","Mkucingajwambone Health Centre"
"Mkulumba","Mkulumba","Southern","Mangochi","Mkucingajwambone Health Centre"
"Mtonda","Mtonda","Southern","Mangochi","Mkucingajwambone Health Centre"
"Mtuwa","Mtuwa","Southern","Mangochi","Mkucingajwambone Health Centre"
"Mtuwa 2","Mtuwa 2","Southern","Mangochi","Mkucingajwambone Health Centre"
"Chikowanje","Chikowanje","Southern","Mangochi","Mkumba Health Centre"
"Chikwekwe","Chikwekwe","Southern","Mangochi","Mkumba Health Centre"
"Duwa 1","Duwa 1","Southern","Mangochi","Mkumba Health Centre"
"Duwa 2","Duwa 2","Southern","Mangochi","Mkumba Health Centre"
"Jiramu","Jiramu","Southern","Mangochi","Mkumba Health Centre"
"Katanya","Katanya","Southern","Mangochi","Mkumba Health Centre"
"Limbalire","Limbalire","Southern","Mangochi","Mkumba Health Centre"
"Mchokola","Mchokola","Southern","Mangochi","Mkumba Health Centre"
"Mgawo","Mgawo","Southern","Mangochi","Mkumba Health Centre"
"Minandi","Minandi","Southern","Mangochi","Mkumba Health Centre"
"Mkambiri 1","Mkambiri 1","Southern","Mangochi","Mkumba Health Centre"
"Mkambiri 2","Mkambiri 2","Southern","Mangochi","Mkumba Health Centre"
"Mkumba 1","Mkumba 1","Southern","Mangochi","Mkumba Health Centre"
"Mkumba 2","Mkumba 2","Southern","Mangochi","Mkumba Health Centre"
"Mkumba 3","Mkumba 3","Southern","Mangochi","Mkumba Health Centre"
"Mlenga","Mlenga","Southern","Mangochi","Mkumba Health Centre"
"Useni","Useni","Southern","Mangochi","Mkumba Health Centre"
"Balamanja","Balamanja","Southern","Mangochi","Monkeybay Community Hospital"
"Chilombo","Chilombo","Southern","Mangochi","Monkeybay Community Hospital"
"Chinthambi 1","Chinthambi 1","Southern","Mangochi","Monkeybay Community Hospital"
"Chinthambi 2","Chinthambi 2","Southern","Mangochi","Monkeybay Community Hospital"
"Chizula 1","Chizula 1","Southern","Mangochi","Monkeybay Community Hospital"
"Chizula 2","Chizula 2","Southern","Mangochi","Monkeybay Community Hospital"
"Jonathan","Jonathan","Southern","Mangochi","Monkeybay Community Hospital"
"Kalikhudza","Kalikhudza","Southern","Mangochi","Monkeybay Community Hospital"
"Madzedze","Madzedze","Southern","Mangochi","Monkeybay Community Hospital"
"Mandindi","Mandindi","Southern","Mangochi","Monkeybay Community Hospital"
"Mankhambila","Mankhambila","Southern","Mangochi","Monkeybay Community Hospital"
"Marine","Marine","Southern","Mangochi","Monkeybay Community Hospital"
"Mbelesera","Mbelesera","Southern","Mangochi","Monkeybay Community Hospital"
"Mbwadzulu","Mbwadzulu","Southern","Mangochi","Monkeybay Community Hospital"
"Mjogo 1","Mjogo 1","Southern","Mangochi","Monkeybay Community Hospital"
"Mjogo 2","Mjogo 2","Southern","Mangochi","Monkeybay Community Hospital"
"Mjogo 3","Mjogo 3","Southern","Mangochi","Monkeybay Community Hospital"
"Mjogo 4","Mjogo 4","Southern","Mangochi","Monkeybay Community Hospital"
"Mjogo 5","Mjogo 5","Southern","Mangochi","Monkeybay Community Hospital"
"Mkoza","Mkoza","Southern","Mangochi","Monkeybay Community Hospital"
"Mvunguti","Mvunguti","Southern","Mangochi","Monkeybay Community Hospital"
"Mwambayiye","Mwambayiye","Southern","Mangochi","Monkeybay Community Hospital"
"Nam'goma","Nam'goma","Southern","Mangochi","Monkeybay Community Hospital"
"Namakoma","Namakoma","Southern","Mangochi","Monkeybay Community Hospital"
"Namasobay","Namasobay","Southern","Mangochi","Monkeybay Community Hospital"
"Nkudawachete","Nkudawachete","Southern","Mangochi","Monkeybay Community Hospital"
"Nsumbi","Nsumbi","Southern","Mangochi","Monkeybay Community Hospital"
"Nsumbi Masasa","Nsumbi Masasa","Southern","Mangochi","Monkeybay Community Hospital"
"Pakamwa","Pakamwa","Southern","Mangochi","Monkeybay Community Hospital"
"Tiferankhani","Tiferankhani","Southern","Mangochi","Monkeybay Community Hospital"
"Zambo","Zambo","Southern","Mangochi","Monkeybay Community Hospital"
"Chipeta A","Chipeta A","Southern","Mangochi","Mpondasi Health Centre"
"Chipeta B","Chipeta B","Southern","Mangochi","Mpondasi Health Centre"
"Chipeta C","Chipeta C","Southern","Mangochi","Mpondasi Health Centre"
"Chumula","Chumula","Southern","Mangochi","Mpondasi Health Centre"
"Kafulumira","Kafulumira","Southern","Mangochi","Mpondasi Health Centre"
"Khunga","Khunga","Southern","Mangochi","Mpondasi Health Centre"
"Makunganya","Makunganya","Southern","Mangochi","Mpondasi Health Centre"
"Malunda","Malunda","Southern","Mangochi","Mpondasi Health Centre"
"Matewere","Matewere","Southern","Mangochi","Mpondasi Health Centre"
"Misikatema A","Misikatema A","Southern","Mangochi","Mpondasi Health Centre"
"Misikatema B","Misikatema B","Southern","Mangochi","Mpondasi Health Centre"
"Misikatema C","Misikatema C","Southern","Mangochi","Mpondasi Health Centre"
"Mkumbi","Mkumbi","Southern","Mangochi","Mpondasi Health Centre"
"Mpondamponda","Mpondamponda","Southern","Mangochi","Mpondasi Health Centre"
"Mpondamponda B","Mpondamponda B","Southern","Mangochi","Mpondasi Health Centre"
"Mpondamponda C","Mpondamponda C","Southern","Mangochi","Mpondasi Health Centre"
"Mwichande","Mwichande","Southern","Mangochi","Mpondasi Health Centre"
"Ngoyi","Ngoyi","Southern","Mangochi","Mpondasi Health Centre"
"Sadiki","Sadiki","Southern","Mangochi","Mpondasi Health Centre"
"Sadiki B","Sadiki B","Southern","Mangochi","Mpondasi Health Centre"
"Saitikadzuwa A","Saitikadzuwa A","Southern","Mangochi","Mpondasi Health Centre"
"Saitikadzuwa B","Saitikadzuwa B","Southern","Mangochi","Mpondasi Health Centre"
"Saitikadzuwa C","Saitikadzuwa C","Southern","Mangochi","Mpondasi Health Centre"
"Saitikadzuwa D","Saitikadzuwa D","Southern","Mangochi","Mpondasi Health Centre"
"Saitikadzuwa F","Saitikadzuwa F","Southern","Mangochi","Mpondasi Health Centre"
"Saitikadzuwa G","Saitikadzuwa G","Southern","Mangochi","Mpondasi Health Centre"
"Saitikadzuwa H","Saitikadzuwa H","Southern","Mangochi","Mpondasi Health Centre"
"Samama","Samama","Southern","Mangochi","Mpondasi Health Centre"
"Saninkawa","Saninkawa","Southern","Mangochi","Mpondasi Health Centre"
"Chimphamba 1","Chimphamba 1","Southern","Mangochi","Msaka Dispensary"
"Chimphamba 2","Chimphamba 2","Southern","Mangochi","Msaka Dispensary"
"Fulaide","Fulaide","Southern","Mangochi","Msaka Dispensary"
"Kazembe","Kazembe","Southern","Mangochi","Mtimabi Health Centre"
"Koloko","Koloko","Southern","Mangochi","Mtimabi Health Centre"
"Lile","Lile","Southern","Mangochi","Mtimabi Health Centre"
"Lusewa 1","Lusewa 1","Southern","Mangochi","Mtimabi Health Centre"
"Makapa","Makapa","Southern","Mangochi","Mtimabi Health Centre"
"Mbunungu","Mbunungu","Southern","Mangochi","Mtimabi Health Centre"
"Mitawa","Mitawa","Southern","Mangochi","Mtimabi Health Centre"
"Mkaoga","Mkaoga","Southern","Mangochi","Mtimabi Health Centre"
"Mphwanya","Mphwanya","Southern","Mangochi","Mtimabi Health Centre"
"Mpita 1","Mpita 1","Southern","Mangochi","Mtimabi Health Centre"
"Mwatakata 1","Mwatakata 1","Southern","Mangochi","Mtimabi Health Centre"
"Nanganga","Nanganga","Southern","Mangochi","Mtimabi Health Centre"
"Ngatala","Ngatala","Southern","Mangochi","Mtimabi Health Centre"
"Ntaja Manyamba","Ntaja Manyamba","Southern","Mangochi","Mtimabi Health Centre"
"Nthilamanja","Nthilamanja","Southern","Mangochi","Mtimabi Health Centre"
"Saladzi","Saladzi","Southern","Mangochi","Mtimabi Health Centre"
"Sawasawa","Sawasawa","Southern","Mangochi","Mtimabi Health Centre"
"Stambuli 1","Stambuli 1","Southern","Mangochi","Mtimabi Health Centre"
"Stambuli 2","Stambuli 2","Southern","Mangochi","Mtimabi Health Centre"
"Kane","Kane","Southern","Mangochi","Mulibwanji Community Hospital"
"Kuluwe","Kuluwe","Southern","Mangochi","Mulibwanji Community Hospital"
"Matupa","Matupa","Southern","Mangochi","Mulibwanji Community Hospital"
"Mgoji","Mgoji","Southern","Mangochi","Mulibwanji Community Hospital"
"Mkwalula","Mkwalula","Southern","Mangochi","Mulibwanji Community Hospital"
"Mtwera","Mtwera","Southern","Mangochi","Mulibwanji Community Hospital"
"Chilawi","Chilawi","Southern","Mangochi","Namalaka Health Centre"
"Kubuli","Kubuli","Southern","Mangochi","Namalaka Health Centre"
"Litambo","Litambo","Southern","Mangochi","Namalaka Health Centre"
"Liwiga","Liwiga","Southern","Mangochi","Namalaka Health Centre"
"Mbalame","Mbalame","Southern","Mangochi","Namalaka Health Centre"
"Mkwepu","Mkwepu","Southern","Mangochi","Namalaka Health Centre"
"Namalaka","Namalaka","Southern","Mangochi","Namalaka Health Centre"
"Chamba","Chamba","Southern","Mangochi","Namkumba Health Centre"
"Chimphepho","Chimphepho","Southern","Mangochi","Namkumba Health Centre"
"Chimphepo","Chimphepo","Southern","Mangochi","Namkumba Health Centre"
"Chinganji","Chinganji","Southern","Mangochi","Namkumba Health Centre"
"Kaiche","Kaiche","Southern","Mangochi","Namkumba Health Centre"
"Kamangadzula","Kamangadzula","Southern","Mangochi","Namkumba Health Centre"
"Kuwende","Kuwende","Southern","Mangochi","Namkumba Health Centre"
"Liganga","Liganga","Southern","Mangochi","Namkumba Health Centre"
"Lumwira","Lumwira","Southern","Mangochi","Namkumba Health Centre"
"Makokola","Makokola","Southern","Mangochi","Namkumba Health Centre"
"Mbapi","Mbapi","Southern","Mangochi","Namkumba Health Centre"
"Mologeni","Mologeni","Southern","Mangochi","Namkumba Health Centre"
"Mphunga","Mphunga","Southern","Mangochi","Namkumba Health Centre"
"Mteleleka","Mteleleka","Southern","Mangochi","Namkumba Health Centre"
"Mvumba","Mvumba","Southern","Mangochi","Namkumba Health Centre"
"Namkumba","Namkumba","Southern","Mangochi","Namkumba Health Centre"
"Saidi Matola","Saidi Matola","Southern","Mangochi","Namkumba Health Centre"
"Sokole","Sokole","Southern","Mangochi","Namkumba Health Centre"
"Sosola","Sosola","Southern","Mangochi","Namkumba Health Centre"
"Suludi","Suludi","Southern","Mangochi","Namkumba Health Centre"
"Two Boy","Two Boy","Southern","Mangochi","Namkumba Health Centre"
"William","William","Southern","Mangochi","Namkumba Health Centre"
"Chande","Chande","Southern","Mangochi","Namwera Health Centre"
"Chiwina","Chiwina","Southern","Mangochi","Namwera Health Centre"
"Kandulu","Kandulu","Southern","Mangochi","Namwera Health Centre"
"Machemba","Machemba","Southern","Mangochi","Namwera Health Centre"
"Mgoji","Mgoji","Southern","Mangochi","Namwera Health Centre"
"Mmenyanga","Mmenyanga","Southern","Mangochi","Namwera Health Centre"
"Mpinga","Mpinga","Southern","Mangochi","Namwera Health Centre"
"Namwera 1","Namwera 1","Southern","Mangochi","Namwera Health Centre"
"Namwera 2","Namwera 2","Southern","Mangochi","Namwera Health Centre"
"Simbiri","Simbiri","Southern","Mangochi","Namwera Health Centre"
"Chilajire","Chilajire","Southern","Mangochi","Nancholi Dispensary"
"Masuku A","Masuku A","Southern","Mangochi","Nancholi Dispensary"
"Masuku B","Masuku B","Southern","Mangochi","Nancholi Dispensary"
"Mmenyanga","Mmenyanga","Southern","Mangochi","Nancholi Dispensary"
"Mpata","Mpata","Southern","Mangochi","Nancholi Dispensary"
"Mtola","Mtola","Southern","Mangochi","Nancholi Dispensary"
"Mwambwajira","Mwambwajira","Southern","Mangochi","Nancholi Dispensary"
"Namoli","Namoli","Southern","Mangochi","Nancholi Dispensary"
"Nombp","Nombp","Southern","Mangochi","Nancholi Dispensary"
"Nsulira","Nsulira","Southern","Mangochi","Nancholi Dispensary"
"Tambala","Tambala","Southern","Mangochi","Nancholi Dispensary"
"Wisiki","Wisiki","Southern","Mangochi","Nancholi Dispensary"
"Chamba","Chamba","Southern","Mangochi","Nangalamu Health Centre"
"Chikamba","Chikamba","Southern","Mangochi","Nangalamu Health Centre"
"Issa","Issa","Southern","Mangochi","Nangalamu Health Centre"
"Kaipa","Kaipa","Southern","Mangochi","Nangalamu Health Centre"
"Likakawe","Likakawe","Southern","Mangochi","Nangalamu Health Centre"
"Limamu","Limamu","Southern","Mangochi","Nangalamu Health Centre"
"Lumeta","Lumeta","Southern","Mangochi","Nangalamu Health Centre"
"Lumeta B","Lumeta B","Southern","Mangochi","Nangalamu Health Centre"
"Mkwesa","Mkwesa","Southern","Mangochi","Nangalamu Health Centre"
"Naipwi","Naipwi","Southern","Mangochi","Nangalamu Health Centre"
"Nakapa","Nakapa","Southern","Mangochi","Nangalamu Health Centre"
"Nakapa B","Nakapa B","Southern","Mangochi","Nangalamu Health Centre"
"Nakonya","Nakonya","Southern","Mangochi","Nangalamu Health Centre"
"Napawa","Napawa","Southern","Mangochi","Nangalamu Health Centre"
"Nthundu","Nthundu","Southern","Mangochi","Nangalamu Health Centre"
"Dengwele","Dengwele","Southern","Mangochi","Nankhwali Health Centre"
"Eneya","Eneya","Southern","Mangochi","Nankhwali Health Centre"
"English","English","Southern","Mangochi","Nankhwali Health Centre"
"Kabeti","Kabeti","Southern","Mangochi","Nankhwali Health Centre"
"Kamphande","Kamphande","Southern","Mangochi","Nankhwali Health Centre"
"Kapichi","Kapichi","Southern","Mangochi","Nankhwali Health Centre"
"Kasankha 1","Kasankha 1","Southern","Mangochi","Nankhwali Health Centre"
"Kasankha 2","Kasankha 2","Southern","Mangochi","Nankhwali Health Centre"
"Kasankha 3","Kasankha 3","Southern","Mangochi","Nankhwali Health Centre"
"Machilika","Machilika","Southern","Mangochi","Nankhwali Health Centre"
"Malamulo","Malamulo","Southern","Mangochi","Nankhwali Health Centre"
"Mbeya","Mbeya","Southern","Mangochi","Nankhwali Health Centre"
"Mbwana","Mbwana","Southern","Mangochi","Nankhwali Health Centre"
"Mtewa","Mtewa","Southern","Mangochi","Nankhwali Health Centre"
"Yesaya","Yesaya","Southern","Mangochi","Nankhwali Health Centre"
"Ngapani","Ngapani","Southern","Mangochi","Ngapani Health Centre"
"Chididi","Chididi","Southern","Mangochi","Njereza Dispensary"
"Hassan","Hassan","Southern","Mangochi","Njereza Dispensary"
"John 2","John 2","Southern","Mangochi","Njereza Dispensary"
"Kunsanja","Kunsanja","Southern","Mangochi","Njereza Dispensary"
"Mambo","Mambo","Southern","Mangochi","Njereza Dispensary"
"Mapata","Mapata","Southern","Mangochi","Njereza Dispensary"
"Mdoka","Mdoka","Southern","Mangochi","Njereza Dispensary"
"Soliati","Soliati","Southern","Mangochi","Njereza Dispensary"
"Chilembwe","Chilembwe","Southern","Mangochi","Nkope Health Centre"
"Chindongo","Chindongo","Southern","Mangochi","Nkope Health Centre"
"Chipasi","Chipasi","Southern","Mangochi","Nkope Health Centre"
"Chiwalo","Chiwalo","Southern","Mangochi","Nkope Health Centre"
"Dickson","Dickson","Southern","Mangochi","Nkope Health Centre"
"Guma","Guma","Southern","Mangochi","Nkope Health Centre"
"Kalande","Kalande","Southern","Mangochi","Nkope Health Centre"
"Kalumba","Kalumba","Southern","Mangochi","Nkope Health Centre"
"Kanyenga","Kanyenga","Southern","Mangochi","Nkope Health Centre"
"Man'gumbi","Man'gumbi","Southern","Mangochi","Nkope Health Centre"
"Masanje","Masanje","Southern","Mangochi","Nkope Health Centre"
"Mdalachikowa","Mdalachikowa","Southern","Mangochi","Nkope Health Centre"
"Mkungwi","Mkungwi","Southern","Mangochi","Nkope Health Centre"
"Mtemwende","Mtemwende","Southern","Mangochi","Nkope Health Centre"
"Mthunya","Mthunya","Southern","Mangochi","Nkope Health Centre"
"Mwanyama","Mwanyama","Southern","Mangochi","Nkope Health Centre"
"Nkupa","Nkupa","Southern","Mangochi","Nkope Health Centre"
"Sombe","Sombe","Southern","Mangochi","Nkope Health Centre"
"Sowani","Sowani","Southern","Mangochi","Nkope Health Centre"
"Temwa Chiumia","Temwa Chiumia","Southern","Mangochi","Nkope Health Centre"
"Zumani","Zumani","Southern","Mangochi","Nkope Health Centre"
"Bello","Bello","Southern","Mangochi","Phirilongwe Health Centre"
"Kalonga","Kalonga","Southern","Mangochi","Phirilongwe Health Centre"
"Maloap 2","Maloap 2","Southern","Mangochi","Phirilongwe Health Centre"
"Malopa 1","Malopa 1","Southern","Mangochi","Phirilongwe Health Centre"
"Mkaweya","Mkaweya","Southern","Mangochi","Phirilongwe Health Centre"
"Mkwasowanjovu","Mkwasowanjovu","Southern","Mangochi","Phirilongwe Health Centre"
"Mlongoti","Mlongoti","Southern","Mangochi","Phirilongwe Health Centre"
"Moffati","Moffati","Southern","Mangochi","Phirilongwe Health Centre"
"Msembe","Msembe","Southern","Mangochi","Phirilongwe Health Centre"
"Mtendere","Mtendere","Southern","Mangochi","Phirilongwe Health Centre"
"Mtonda","Mtonda","Southern","Mangochi","Phirilongwe Health Centre"
"Saitimtonda","Saitimtonda","Southern","Mangochi","Phirilongwe Health Centre"
"Songa 1","Songa 1","Southern","Mangochi","Phirilongwe Health Centre"
"Thangalanjovu","Thangalanjovu","Southern","Mangochi","Phirilongwe Health Centre"
"Chinama","Chinama","Southern","Mangochi","Sinyala Dispensary"
"Chipanga","Chipanga","Southern","Mangochi","Sinyala Dispensary"
"Lipenga","Lipenga","Southern","Mangochi","Sinyala Dispensary"
"Makha","Makha","Southern","Mangochi","Sinyala Dispensary"
"Mikundi","Mikundi","Southern","Mangochi","Sinyala Dispensary"
"Mjathu","Mjathu","Southern","Mangochi","Sinyala Dispensary"
"Mponda","Mponda","Southern","Mangochi","Sinyala Dispensary"
"Mvero","Mvero","Southern","Mangochi","Sinyala Dispensary"
"Namaninga","Namaninga","Southern","Mangochi","Sinyala Dispensary"
"Sinyala","Sinyala","Southern","Mangochi","Sinyala Dispensary"
"Mauwa","Mauwa","Southern","Mangochi","Somba Health Centre"
"Namwala","Namwala","Southern","Mangochi","Somba Health Centre"
"Ngatupe","Ngatupe","Southern","Mangochi","Somba Health Centre"
"Ngokwe","Ngokwe","Southern","Mangochi","Somba Health Centre"
"Njale","Njale","Southern","Mangochi","Somba Health Centre"
"Pila","Pila","Southern","Mangochi","Somba Health Centre"
"Somba","Somba","Southern","Mangochi","Somba Health Centre"
"Chiutula","Chiutula","Southern","Mangochi","Sr Martha Health Centre"
"Kwiputi","Kwiputi","Southern","Mangochi","Sr Martha Health Centre"
"Malowa","Malowa","Southern","Mangochi","Sr Martha Health Centre"
"Malulu","Malulu","Southern","Mangochi","Sr Martha Health Centre"
"Mchiliko","Mchiliko","Southern","Mangochi","Sr Martha Health Centre"
"Namamba","Namamba","Southern","Mangochi","Sr Martha Health Centre"
"Ngawo","Ngawo","Southern","Mangochi","Sr Martha Health Centre"
"Somba","Somba","Southern","Mangochi","Sr Martha Health Centre"
"Somba 2","Somba 2","Southern","Mangochi","Sr Martha Health Centre"
"Chikolomo","Chikolomo","Southern","Mangochi","St Martins Mission Hospital"
"Chikwatu","Chikwatu","Southern","Mangochi","St Martins Mission Hospital"
"Chimbende","Chimbende","Southern","Mangochi","St Martins Mission Hospital"
"Chindamba","Chindamba","Southern","Mangochi","St Martins Mission Hospital"
"Chipeleka","Chipeleka","Southern","Mangochi","St Martins Mission Hospital"
"Katemangu","Katemangu","Southern","Mangochi","St Martins Mission Hospital"
"Liguluche","Liguluche","Southern","Mangochi","St Martins Mission Hospital"
"Lulanga","Lulanga","Southern","Mangochi","St Martins Mission Hospital"
"Machemba","Machemba","Southern","Mangochi","St Martins Mission Hospital"
"Makumba","Makumba","Southern","Mangochi","St Martins Mission Hospital"
"Makwinja","Makwinja","Southern","Mangochi","St Martins Mission Hospital"
"Malamia","Malamia","Southern","Mangochi","St Martins Mission Hospital"
"Maliro","Maliro","Southern","Mangochi","St Martins Mission Hospital"
"Matenganya","Matenganya","Southern","Mangochi","St Martins Mission Hospital"
"Mikundi","Mikundi","Southern","Mangochi","St Martins Mission Hospital"
"Mizinga","Mizinga","Southern","Mangochi","St Martins Mission Hospital"
"Mlangala","Mlangala","Southern","Mangochi","St Martins Mission Hospital"
"Moyo Nsosa","Moyo Nsosa","Southern","Mangochi","St Martins Mission Hospital"
"Mpumbe","Mpumbe","Southern","Mangochi","St Martins Mission Hospital"
"Mtakataka","Mtakataka","Southern","Mangochi","St Martins Mission Hospital"
"Nanumbwa","Nanumbwa","Southern","Mangochi","St Martins Mission Hospital"
"Pagona","Pagona","Southern","Mangochi","St Martins Mission Hospital"
"Steven","Steven","Southern","Mangochi","St Martins Mission Hospital"
"Loti","Loti","Southern","Thyolo","Chilengo Dispensary"
"Conforzi 1","Conforzi 1","Southern","Thyolo","Conforzi Clinic"
"Kadaya 1","Kadaya 1","Southern","Thyolo","Khonjeni Health Centre"
"Feliati","Feliati","Southern","Thyolo","Lomola Health Centre"
"Kamthawire","Kamthawire","Southern","Thyolo","Lomola Health Centre"
"Ndalama","Ndalama","Southern","Thyolo","Lomola Health Centre"
"Mafisi","Mafisi","Southern","Thyolo","Mafisi Dispensary"
"Mwitere","Mwitere","Southern","Thyolo","Mangunda Health Centre"
"Nanseta","Nanseta","Southern","Thyolo","Mangunda Health Centre"
"Sani","Sani","Southern","Thyolo","Mangunda Health Centre"
"Mianga","Mianga","Southern","Thyolo","Mianga Health Centre"
"Kavunye","Kavunye","Southern","Thyolo","Mitengo Health Centre"
"Naming'omba","Naming'omba","Southern","Thyolo","Naming'omba Clinic"
"William","William","Southern","Thyolo","Njale Health Centre"
"Chidzinja","Chidzinja","Southern","Thyolo","Satemwa Health Centre"
"Maonga","Maonga","Southern","Thyolo","Satemwa Health Centre"
"Satemwa","Satemwa","Southern","Thyolo","Satemwa Health Centre"
"Maere","Maere","Southern","Thyolo","Thowera Health Centre"
"Njaiti","Njaiti","Southern","Thyolo","Thowera Health Centre"
"Thowera","Thowera","Southern","Thyolo","Thowera Health Centre"
"Welemu","Welemu","Southern","Thyolo","Thowera Health Centre"
"Chamveka","Chamveka","Southern","Thyolo","Thyolo District Hospital"
"Chilembwe 1","Chilembwe 1","Southern","Thyolo","Thyolo District Hospital"
"Chilembwe 2","Chilembwe 2","Southern","Thyolo","Thyolo District Hospital"
"Khokholiwa","Khokholiwa","Southern","Thyolo","Thyolo District Hospital"
"Magombo 1","Magombo 1","Southern","Thyolo","Thyolo District Hospital"
"Magombo 2","Magombo 2","Southern","Thyolo","Thyolo District Hospital"
"Musowa","Musowa","Southern","Thyolo","Thyolo District Hospital"
"Nkolokosa","Nkolokosa","Southern","Thyolo","Thyolo District Hospital"
"Phalira 1","Phalira 1","Southern","Thyolo","Thyolo District Hospital"
"Phalira 2","Phalira 2","Southern","Thyolo","Thyolo District Hospital"
"Namwela","Namwela","Southern","Thyolo","Yamikani Manthenga Health Centre"